Record_ID,NCBI_GeneID,Gene_Symbol,Chromosome,Gene_Type,Sample_ID,Tissue,Condition,Expression_Level,Expression_Log2,Fold_Change,Significance_PValue,Expression_Category
1,1,A1BG,,NCBI-derived gene type,S0001,Brain,Control,641.23,9.325,0.668,0.0001962,High
2,2,A2M,,NCBI-derived gene type,S0002,Liver,Control,227.09,7.827,1.166,0.0151526,Medium
3,3,A2MP1,,NCBI-derived gene type,S0003,Heart,Control,892.72,9.802,0.711,0.0009617,High
4,9,NAT1,,NCBI-derived gene type,S0004,Lung,Control,34.65,5.115,0.803,0.0023723,Low
5,10,NAT2,,NCBI-derived gene type,S0005,Kidney,Control,31.4,4.973,0.789,0.0113359,Low
6,11,NATP,,NCBI-derived gene type,S0006,Muscle,Control,547.22,9.096,0.804,0.0058823,High
7,12,SERPINA3,,NCBI-derived gene type,S0007,Blood,Control,810.38,9.662,0.655,0.0612845,High
8,13,AADAC,,NCBI-derived gene type,S0008,Colon,Control,699.65,9.45,0.888,5.38e-05,High
9,14,AAMP,,NCBI-derived gene type,S0009,Breast,Control,957.43,9.903,0.886,2.73e-05,High
10,15,AANAT,,NCBI-derived gene type,S0010,Skin,Control,101.23,6.662,1.243,0.0068788,Medium
11,16,AARS,,NCBI-derived gene type,S0011,Brain,Treatment,2140.36,11.064,2.649,0.0033134,High
12,17,AAVS1,,NCBI-derived gene type,S0012,Liver,Treatment,1501.12,10.552,1.542,0.0039318,High
13,18,ABAT,,NCBI-derived gene type,S0013,Heart,Treatment,1908.21,10.898,2.298,0.1122076,High
14,19,ABCA1,,NCBI-derived gene type,S0014,Lung,Treatment,1488.88,10.54,2.569,1.64e-05,High
15,20,ABCA2,,NCBI-derived gene type,S0015,Kidney,Treatment,292.38,8.192,1.262,2.37e-05,Medium
16,21,ABCA3,,NCBI-derived gene type,S0016,Muscle,Treatment,158.1,7.305,0.668,0.0002025,Medium
17,22,ABCB7,,NCBI-derived gene type,S0017,Blood,Treatment,955.76,9.901,1.499,0.0005494,High
18,23,ABCF1,,NCBI-derived gene type,S0018,Colon,Treatment,254.23,7.99,1.191,0.2525088,Medium
19,24,ABCA4,,NCBI-derived gene type,S0019,Breast,Treatment,1474.23,10.526,2.269,6.37e-05,High
20,25,ABL1,,NCBI-derived gene type,S0020,Skin,Treatment,631.66,9.303,0.865,0.0006074,High
21,26,AOC1,,NCBI-derived gene type,S0021,Brain,Control,989.58,9.951,1.098,0.0041463,High
22,27,ABL2,,NCBI-derived gene type,S0022,Liver,Control,686.19,9.422,1.24,0.0443813,High
23,28,ABO,,NCBI-derived gene type,S0023,Heart,Control,232.9,7.864,0.672,0.0003038,Medium
24,29,ABR,,NCBI-derived gene type,S0024,Lung,Control,271.4,8.084,0.798,0.270194,Medium
25,30,ACAA1,,NCBI-derived gene type,S0025,Kidney,Control,876.99,9.776,0.87,0.0120382,High
26,31,ACACA,,NCBI-derived gene type,S0026,Muscle,Control,398.65,8.639,1.29,0.0014342,Medium
27,32,ACACB,,NCBI-derived gene type,S0027,Blood,Control,268.56,8.069,0.823,0.0043494,Medium
28,33,ACADL,,NCBI-derived gene type,S0028,Colon,Control,266.43,8.058,1.059,0.1658699,Medium
29,34,ACADM,,NCBI-derived gene type,S0029,Breast,Control,402.4,8.652,0.804,0.4880078,Medium
30,35,ACADS,,NCBI-derived gene type,S0030,Skin,Control,511.98,9.0,0.714,1.67e-05,High
31,36,ACADSB,,NCBI-derived gene type,S0031,Brain,Treatment,265.45,8.052,2.326,0.0528169,Medium
32,37,ACADVL,,NCBI-derived gene type,S0032,Liver,Treatment,233.82,7.869,0.55,0.0006217,Medium
33,38,ACAT1,,NCBI-derived gene type,S0033,Heart,Treatment,2008.93,10.972,2.017,0.3664953,High
34,39,ACAT2,,NCBI-derived gene type,S0034,Lung,Treatment,332.67,8.378,0.386,0.0244002,Medium
35,40,ASIC2,,NCBI-derived gene type,S0035,Kidney,Treatment,1394.93,10.446,2.041,0.0001795,High
36,41,ASIC1,,NCBI-derived gene type,S0036,Muscle,Treatment,450.82,8.816,0.701,0.0011051,Medium
37,43,ACHE,,NCBI-derived gene type,S0037,Blood,Treatment,1531.19,10.58,3.355,0.1307702,High
38,46,ACLS,,NCBI-derived gene type,S0038,Colon,Treatment,514.61,9.007,1.927,6.91e-05,High
39,47,ACLY,,NCBI-derived gene type,S0039,Breast,Treatment,2823.32,11.463,3.092,0.0002527,High
40,48,ACO1,,NCBI-derived gene type,S0040,Skin,Treatment,1453.4,10.505,2.268,5.23e-05,High
41,49,ACR,,NCBI-derived gene type,S0041,Brain,Control,763.7,9.577,1.028,0.0456609,High
42,50,ACO2,,NCBI-derived gene type,S0042,Liver,Control,532.7,9.057,0.65,0.0003338,High
43,51,ACOX1,,NCBI-derived gene type,S0043,Heart,Control,24.38,4.608,1.3,0.1348941,Low
44,52,ACP1,,NCBI-derived gene type,S0044,Lung,Control,832.51,9.701,0.865,1.87e-05,High
45,53,ACP2,,NCBI-derived gene type,S0045,Kidney,Control,878.62,9.779,1.313,2.53e-05,High
46,54,ACP5,,NCBI-derived gene type,S0046,Muscle,Control,488.56,8.932,0.698,0.037569,Medium
47,55,ACPP,,NCBI-derived gene type,S0047,Blood,Control,767.01,9.583,0.74,0.0017133,High
48,56,ACRV1,,NCBI-derived gene type,S0048,Colon,Control,552.05,9.109,0.836,0.1260188,High
49,58,ACTA1,,NCBI-derived gene type,S0049,Breast,Control,426.02,8.735,0.798,0.0034252,Medium
50,59,ACTA2,,NCBI-derived gene type,S0050,Skin,Control,731.28,9.514,0.791,0.0002918,High
51,60,ACTB,,NCBI-derived gene type,S0051,Brain,Treatment,2385.55,11.22,2.397,0.0011457,High
52,62,ACTBP2,,NCBI-derived gene type,S0052,Liver,Treatment,380.2,8.571,0.731,0.0001138,Medium
53,63,ACTBP3,,NCBI-derived gene type,S0053,Heart,Treatment,752.15,9.555,2.203,0.0001207,High
54,64,ACTBP4,,NCBI-derived gene type,S0054,Lung,Treatment,128.56,7.006,0.574,0.0092509,Medium
55,66,ACTBP6,,NCBI-derived gene type,S0055,Kidney,Treatment,745.43,9.542,3.202,0.1097201,High
56,67,ACTBP7,,NCBI-derived gene type,S0056,Muscle,Treatment,83.03,6.376,1.1,0.0139378,Low
57,68,ACTBP8,,NCBI-derived gene type,S0057,Blood,Treatment,167.29,7.386,0.767,0.2494118,Medium
58,69,ACTBP9,,NCBI-derived gene type,S0058,Colon,Treatment,1054.04,10.042,1.839,0.0487205,High
59,70,ACTC1,,NCBI-derived gene type,S0059,Breast,Treatment,767.87,9.585,0.95,2.85e-05,High
60,71,ACTG1,,NCBI-derived gene type,S0060,Skin,Treatment,730.8,9.513,1.684,0.0015668,High
61,72,ACTG2,,NCBI-derived gene type,S0061,Brain,Control,730.43,9.513,1.121,0.4222566,High
62,73,ACTG1P1,,NCBI-derived gene type,S0062,Liver,Control,102.93,6.685,0.932,0.0003933,Medium
63,74,ACTG1P2,,NCBI-derived gene type,S0063,Heart,Control,862.36,9.752,0.824,7.83e-05,High
64,75,ACTG1P3,,NCBI-derived gene type,S0064,Lung,Control,451.37,8.818,0.945,0.0002038,Medium
65,78,ACTG1P6,,NCBI-derived gene type,S0065,Kidney,Control,253.56,7.986,1.296,0.0012098,Medium
66,79,ACTG1P7,,NCBI-derived gene type,S0066,Muscle,Control,862.04,9.752,1.035,1.73e-05,High
67,80,ACTG1P8,,NCBI-derived gene type,S0067,Blood,Control,999.29,9.965,1.235,0.3583294,High
68,81,ACTN4,,NCBI-derived gene type,S0068,Colon,Control,926.74,9.856,1.244,6.05e-05,High
69,86,ACTL6A,,NCBI-derived gene type,S0069,Breast,Control,488.21,8.931,0.8,0.0007672,Medium
70,87,ACTN1,,NCBI-derived gene type,S0070,Skin,Control,63.34,5.985,0.915,0.4275152,Low
71,88,ACTN2,,NCBI-derived gene type,S0071,Brain,Treatment,758.19,9.566,2.82,0.0013757,High
72,89,ACTN3,,NCBI-derived gene type,S0072,Liver,Treatment,1433.36,10.485,3.366,0.4769651,High
73,90,ACVR1,,NCBI-derived gene type,S0073,Heart,Treatment,1458.02,10.51,2.613,5.34e-05,High
74,91,ACVR1B,,NCBI-derived gene type,S0074,Lung,Treatment,1021.19,9.996,3.401,0.0052741,High
75,92,ACVR2A,,NCBI-derived gene type,S0075,Kidney,Treatment,1473.44,10.525,2.706,1.86e-05,High
76,93,ACVR2B,,NCBI-derived gene type,S0076,Muscle,Treatment,1133.81,10.147,1.934,0.1018084,High
77,94,ACVRL1,,NCBI-derived gene type,S0077,Blood,Treatment,545.79,9.092,3.376,2.38e-05,High
78,95,ACY1,,NCBI-derived gene type,S0078,Colon,Treatment,422.4,8.722,2.224,0.0149107,Medium
79,97,ACYP1,,NCBI-derived gene type,S0079,Breast,Treatment,173.93,7.442,0.728,0.1528799,Medium
80,98,ACYP2,,NCBI-derived gene type,S0080,Skin,Treatment,555.65,9.118,2.223,0.0081488,High
81,100,ADA,,NCBI-derived gene type,S0081,Brain,Control,422.13,8.722,1.059,0.0028647,Medium
82,101,ADAM8,,NCBI-derived gene type,S0082,Liver,Control,935.03,9.869,0.793,0.0232328,High
83,102,ADAM10,,NCBI-derived gene type,S0083,Heart,Control,242.49,7.922,0.927,0.014353,Medium
84,103,ADAR,,NCBI-derived gene type,S0084,Lung,Control,303.5,8.246,0.871,0.0341793,Medium
85,104,ADARB1,,NCBI-derived gene type,S0085,Kidney,Control,77.18,6.27,0.971,0.492874,Low
86,105,ADARB2,,NCBI-derived gene type,S0086,Muscle,Control,996.12,9.96,0.701,0.0001004,High
87,106,ADCP1,,NCBI-derived gene type,S0087,Blood,Control,268.87,8.071,1.303,0.138058,Medium
88,107,ADCY1,,NCBI-derived gene type,S0088,Colon,Control,879.87,9.781,0.909,5.51e-05,High
89,108,ADCY2,,NCBI-derived gene type,S0089,Breast,Control,834.58,9.705,1.142,0.007497,High
90,109,ADCY3,,NCBI-derived gene type,S0090,Skin,Control,987.3,9.947,1.108,1.09e-05,High
91,111,ADCY5,,NCBI-derived gene type,S0091,Brain,Treatment,1057.73,10.047,1.293,0.0131198,High
92,112,ADCY6,,NCBI-derived gene type,S0092,Liver,Treatment,726.04,9.504,0.773,3.49e-05,High
93,113,ADCY7,,NCBI-derived gene type,S0093,Heart,Treatment,233.33,7.866,2.093,0.0001906,Medium
94,114,ADCY8,,NCBI-derived gene type,S0094,Lung,Treatment,1584.05,10.629,2.61,9.06e-05,High
95,115,ADCY9,,NCBI-derived gene type,S0095,Kidney,Treatment,751.54,9.554,1.182,0.0019774,High
96,116,ADCYAP1,,NCBI-derived gene type,S0096,Muscle,Treatment,2731.22,11.415,3.015,2.72e-05,High
97,117,ADCYAP1R1,,NCBI-derived gene type,S0097,Blood,Treatment,520.94,9.025,1.222,1.04e-05,High
98,118,ADD1,,NCBI-derived gene type,S0098,Colon,Treatment,1820.15,10.83,2.357,0.0001703,High
99,119,ADD2,,NCBI-derived gene type,S0099,Breast,Treatment,1550.24,10.598,2.088,0.0010236,High
100,120,ADD3,,NCBI-derived gene type,S0100,Skin,Treatment,8.58,3.101,0.587,0.1414491,Low
101,122,ADFN,,NCBI-derived gene type,S0101,Brain,Control,904.41,9.821,1.032,0.0836752,High
102,123,PLIN2,,NCBI-derived gene type,S0102,Liver,Control,584.6,9.191,0.754,3.97e-05,High
103,124,ADH1A,,NCBI-derived gene type,S0103,Heart,Control,311.72,8.284,1.279,0.0551791,Medium
104,125,ADH1B,,NCBI-derived gene type,S0104,Lung,Control,861.4,9.751,1.279,9.71e-05,High
105,126,ADH1C,,NCBI-derived gene type,S0105,Kidney,Control,253.28,7.985,0.722,0.046403,Medium
106,127,ADH4,,NCBI-derived gene type,S0106,Muscle,Control,884.71,9.789,0.934,0.0082625,High
107,128,ADH5,,NCBI-derived gene type,S0107,Blood,Control,158.78,7.311,1.301,0.1157835,Medium
108,1,A1BG,,NCBI-derived gene type,S0108,Colon,Control,976.33,9.931,1.218,0.1388853,High
109,2,A2M,,NCBI-derived gene type,S0109,Breast,Control,29.66,4.891,1.166,0.0003641,Low
110,3,A2MP1,,NCBI-derived gene type,S0110,Skin,Control,931.16,9.863,1.212,0.1151068,High
111,9,NAT1,,NCBI-derived gene type,S0111,Brain,Treatment,966.27,9.916,1.19,0.050195,High
112,10,NAT2,,NCBI-derived gene type,S0112,Liver,Treatment,348.62,8.446,3.097,0.1084896,Medium
113,11,NATP,,NCBI-derived gene type,S0113,Heart,Treatment,661.37,9.369,2.922,0.0014569,High
114,12,SERPINA3,,NCBI-derived gene type,S0114,Lung,Treatment,881.34,9.784,2.855,0.0001174,High
115,13,AADAC,,NCBI-derived gene type,S0115,Kidney,Treatment,27.36,4.774,0.958,0.000349,Low
116,14,AAMP,,NCBI-derived gene type,S0116,Muscle,Treatment,2937.39,11.52,3.396,0.0002051,High
117,15,AANAT,,NCBI-derived gene type,S0117,Blood,Treatment,1035.02,10.015,1.609,0.408699,High
118,16,AARS,,NCBI-derived gene type,S0118,Colon,Treatment,1781.79,10.799,3.309,3.48e-05,High
119,17,AAVS1,,NCBI-derived gene type,S0119,Breast,Treatment,885.61,9.791,0.912,0.3341268,High
120,18,ABAT,,NCBI-derived gene type,S0120,Skin,Treatment,186.1,7.54,0.691,0.0011027,Medium
121,19,ABCA1,,NCBI-derived gene type,S0121,Brain,Control,729.9,9.512,0.87,0.0070661,High
122,20,ABCA2,,NCBI-derived gene type,S0122,Liver,Control,513.87,9.005,0.92,0.0051282,High
123,21,ABCA3,,NCBI-derived gene type,S0123,Heart,Control,258.45,8.014,1.146,1.02e-05,Medium
124,22,ABCB7,,NCBI-derived gene type,S0124,Lung,Control,925.95,9.855,1.027,0.0240614,High
125,23,ABCF1,,NCBI-derived gene type,S0125,Kidney,Control,743.24,9.538,1.119,0.000515,High
126,24,ABCA4,,NCBI-derived gene type,S0126,Muscle,Control,74.62,6.222,1.115,0.0003564,Low
127,25,ABL1,,NCBI-derived gene type,S0127,Blood,Control,317.35,8.31,1.244,0.024146,Medium
128,26,AOC1,,NCBI-derived gene type,S0128,Colon,Control,303.82,8.247,0.866,0.0008307,Medium
129,27,ABL2,,NCBI-derived gene type,S0129,Breast,Control,405.39,8.663,0.857,3.97e-05,Medium
130,28,ABO,,NCBI-derived gene type,S0130,Skin,Control,423.34,8.726,1.308,0.0152544,Medium
131,29,ABR,,NCBI-derived gene type,S0131,Brain,Treatment,2067.52,11.014,2.289,0.0002597,High
132,30,ACAA1,,NCBI-derived gene type,S0132,Liver,Treatment,193.27,7.594,0.351,0.0002231,Medium
133,31,ACACA,,NCBI-derived gene type,S0133,Heart,Treatment,942.05,9.88,2.177,0.0119431,High
134,32,ACACB,,NCBI-derived gene type,S0134,Lung,Treatment,815.05,9.671,1.743,0.000101,High
135,33,ACADL,,NCBI-derived gene type,S0135,Kidney,Treatment,1517.26,10.567,3.189,0.0551209,High
136,34,ACADM,,NCBI-derived gene type,S0136,Muscle,Treatment,107.28,6.745,0.617,0.0026462,Medium
137,35,ACADS,,NCBI-derived gene type,S0137,Blood,Treatment,892.4,9.802,1.406,0.0702409,High
138,36,ACADSB,,NCBI-derived gene type,S0138,Colon,Treatment,1857.86,10.859,2.469,0.0001137,High
139,37,ACADVL,,NCBI-derived gene type,S0139,Breast,Treatment,86.73,6.438,0.427,0.0001415,Low
140,38,ACAT1,,NCBI-derived gene type,S0140,Skin,Treatment,1446.03,10.498,3.027,2.2e-05,High
141,39,ACAT2,,NCBI-derived gene type,S0141,Brain,Control,417.37,8.705,1.091,8.2e-05,Medium
142,40,ASIC2,,NCBI-derived gene type,S0142,Liver,Control,697.87,9.447,0.996,0.0001402,High
143,41,ASIC1,,NCBI-derived gene type,S0143,Heart,Control,657.78,9.361,0.654,0.033848,High
144,43,ACHE,,NCBI-derived gene type,S0144,Lung,Control,771.2,9.591,0.725,0.0009958,High
145,46,ACLS,,NCBI-derived gene type,S0145,Kidney,Control,180.01,7.492,1.321,0.002719,Medium
146,47,ACLY,,NCBI-derived gene type,S0146,Muscle,Control,54.97,5.781,0.824,0.0970914,Low
147,48,ACO1,,NCBI-derived gene type,S0147,Blood,Control,459.18,8.843,1.211,0.0137283,Medium
148,49,ACR,,NCBI-derived gene type,S0148,Colon,Control,987.95,9.948,1.067,0.2918678,High
149,50,ACO2,,NCBI-derived gene type,S0149,Breast,Control,891.97,9.801,1.079,0.0240208,High
150,51,ACOX1,,NCBI-derived gene type,S0150,Skin,Control,507.25,8.987,1.231,0.0037584,High
151,52,ACP1,,NCBI-derived gene type,S0151,Brain,Treatment,2417.13,11.239,2.693,0.001702,High
152,53,ACP2,,NCBI-derived gene type,S0152,Liver,Treatment,296.76,8.213,1.129,0.0099314,Medium
153,54,ACP5,,NCBI-derived gene type,S0153,Heart,Treatment,1527.91,10.577,1.992,0.0088251,High
154,55,ACPP,,NCBI-derived gene type,S0154,Lung,Treatment,165.29,7.369,0.594,0.0002203,Medium
155,56,ACRV1,,NCBI-derived gene type,S0155,Kidney,Treatment,373.68,8.546,1.357,0.0034571,Medium
156,58,ACTA1,,NCBI-derived gene type,S0156,Muscle,Treatment,153.88,7.266,1.078,0.0182627,Medium
157,59,ACTA2,,NCBI-derived gene type,S0157,Blood,Treatment,390.98,8.611,0.552,0.0008236,Medium
158,60,ACTB,,NCBI-derived gene type,S0158,Colon,Treatment,904.36,9.821,1.66,9.38e-05,High
159,62,ACTBP2,,NCBI-derived gene type,S0159,Breast,Treatment,1353.84,10.403,3.2,0.0055613,High
160,63,ACTBP3,,NCBI-derived gene type,S0160,Skin,Treatment,2125.09,11.053,3.049,0.0396547,High
161,64,ACTBP4,,NCBI-derived gene type,S0161,Brain,Control,383.48,8.583,0.654,0.0004501,Medium
162,66,ACTBP6,,NCBI-derived gene type,S0162,Liver,Control,754.71,9.56,1.247,0.3027768,High
163,67,ACTBP7,,NCBI-derived gene type,S0163,Heart,Control,421.93,8.721,1.173,0.0036883,Medium
164,68,ACTBP8,,NCBI-derived gene type,S0164,Lung,Control,605.24,9.241,0.804,0.0001075,High
165,69,ACTBP9,,NCBI-derived gene type,S0165,Kidney,Control,438.66,8.777,0.67,0.00038,Medium
166,70,ACTC1,,NCBI-derived gene type,S0166,Muscle,Control,680.75,9.411,0.933,5.97e-05,High
167,71,ACTG1,,NCBI-derived gene type,S0167,Blood,Control,470.05,8.877,0.739,0.0084064,Medium
168,72,ACTG2,,NCBI-derived gene type,S0168,Colon,Control,31.83,4.992,0.926,0.0044941,Low
169,73,ACTG1P1,,NCBI-derived gene type,S0169,Breast,Control,31.97,4.998,1.1,4.34e-05,Low
170,74,ACTG1P2,,NCBI-derived gene type,S0170,Skin,Control,464.39,8.859,0.685,0.000605,Medium
171,75,ACTG1P3,,NCBI-derived gene type,S0171,Brain,Treatment,297.44,8.216,1.38,0.0378251,Medium
172,78,ACTG1P6,,NCBI-derived gene type,S0172,Liver,Treatment,1039.22,10.021,2.719,0.0812913,High
173,79,ACTG1P7,,NCBI-derived gene type,S0173,Heart,Treatment,155.66,7.282,0.608,1.23e-05,Medium
174,80,ACTG1P8,,NCBI-derived gene type,S0174,Lung,Treatment,1895.87,10.889,3.5,0.0004414,High
175,81,ACTN4,,NCBI-derived gene type,S0175,Kidney,Treatment,1832.4,10.84,2.811,0.0115677,High
176,86,ACTL6A,,NCBI-derived gene type,S0176,Muscle,Treatment,2524.21,11.302,3.341,8.65e-05,High
177,87,ACTN1,,NCBI-derived gene type,S0177,Blood,Treatment,20.98,4.391,0.83,3.92e-05,Low
178,88,ACTN2,,NCBI-derived gene type,S0178,Colon,Treatment,1427.12,10.479,2.127,0.0001058,High
179,89,ACTN3,,NCBI-derived gene type,S0179,Breast,Treatment,1938.69,10.921,2.766,6.15e-05,High
180,90,ACVR1,,NCBI-derived gene type,S0180,Skin,Treatment,1648.5,10.687,2.706,3.45e-05,High
181,91,ACVR1B,,NCBI-derived gene type,S0181,Brain,Control,820.2,9.68,1.325,3.22e-05,High
182,92,ACVR2A,,NCBI-derived gene type,S0182,Liver,Control,30.55,4.933,0.868,0.0152592,Low
183,93,ACVR2B,,NCBI-derived gene type,S0183,Heart,Control,958.38,9.904,0.928,0.0229387,High
184,94,ACVRL1,,NCBI-derived gene type,S0184,Lung,Control,80.62,6.333,1.133,0.0088724,Low
185,95,ACY1,,NCBI-derived gene type,S0185,Kidney,Control,106.39,6.733,1.191,0.0991695,Medium
186,97,ACYP1,,NCBI-derived gene type,S0186,Muscle,Control,602.41,9.235,0.735,0.4207929,High
187,98,ACYP2,,NCBI-derived gene type,S0187,Blood,Control,783.72,9.614,0.893,0.0010313,High
188,100,ADA,,NCBI-derived gene type,S0188,Colon,Control,373.72,8.546,1.004,0.0004016,Medium
189,101,ADAM8,,NCBI-derived gene type,S0189,Breast,Control,850.33,9.732,1.226,3.13e-05,High
190,102,ADAM10,,NCBI-derived gene type,S0190,Skin,Control,960.98,9.908,1.095,0.0785099,High
191,103,ADAR,,NCBI-derived gene type,S0191,Brain,Treatment,1220.35,10.253,1.722,0.0281085,High
192,104,ADARB1,,NCBI-derived gene type,S0192,Liver,Treatment,1159.51,10.179,1.201,0.0628834,High
193,105,ADARB2,,NCBI-derived gene type,S0193,Heart,Treatment,1012.33,9.983,1.873,0.0011148,High
194,106,ADCP1,,NCBI-derived gene type,S0194,Lung,Treatment,875.51,9.774,1.195,0.1007052,High
195,107,ADCY1,,NCBI-derived gene type,S0195,Kidney,Treatment,518.06,9.017,0.623,0.1392088,High
196,108,ADCY2,,NCBI-derived gene type,S0196,Muscle,Treatment,449.18,8.811,1.814,0.0073885,Medium
197,109,ADCY3,,NCBI-derived gene type,S0197,Blood,Treatment,168.28,7.395,0.44,0.09988,Medium
198,111,ADCY5,,NCBI-derived gene type,S0198,Colon,Treatment,189.31,7.565,1.018,0.0562098,Medium
199,112,ADCY6,,NCBI-derived gene type,S0199,Breast,Treatment,1073.18,10.068,3.123,0.0197498,High
200,113,ADCY7,,NCBI-derived gene type,S0200,Skin,Treatment,106.91,6.74,0.382,0.2856894,Medium
201,114,ADCY8,,NCBI-derived gene type,S0201,Brain,Control,90.18,6.495,1.154,0.0019784,Low
202,115,ADCY9,,NCBI-derived gene type,S0202,Liver,Control,759.37,9.569,1.133,0.0108578,High
203,116,ADCYAP1,,NCBI-derived gene type,S0203,Heart,Control,493.37,8.947,1.205,2.74e-05,Medium
204,117,ADCYAP1R1,,NCBI-derived gene type,S0204,Lung,Control,225.49,7.817,1.134,0.0002749,Medium
205,118,ADD1,,NCBI-derived gene type,S0205,Kidney,Control,583.65,9.189,0.981,0.0031285,High
206,119,ADD2,,NCBI-derived gene type,S0206,Muscle,Control,428.38,8.743,1.172,0.0003587,Medium
207,120,ADD3,,NCBI-derived gene type,S0207,Blood,Control,704.34,9.46,0.84,0.0001519,High
208,122,ADFN,,NCBI-derived gene type,S0208,Colon,Control,125.05,6.966,0.785,3.65e-05,Medium
209,123,PLIN2,,NCBI-derived gene type,S0209,Breast,Control,538.18,9.072,1.184,7.42e-05,High
210,124,ADH1A,,NCBI-derived gene type,S0210,Skin,Control,220.3,7.783,0.989,0.0254419,Medium
211,125,ADH1B,,NCBI-derived gene type,S0211,Brain,Treatment,1955.99,10.934,2.003,0.0002138,High
212,126,ADH1C,,NCBI-derived gene type,S0212,Liver,Treatment,100.98,6.658,0.961,0.0001173,Medium
213,127,ADH4,,NCBI-derived gene type,S0213,Heart,Treatment,72.42,6.178,0.395,0.0032392,Low
214,128,ADH5,,NCBI-derived gene type,S0214,Lung,Treatment,950.28,9.892,3.419,0.0039883,High
215,1,A1BG,,NCBI-derived gene type,S0215,Kidney,Treatment,522.65,9.03,0.748,0.1207168,High
216,2,A2M,,NCBI-derived gene type,S0216,Muscle,Treatment,1529.16,10.579,3.099,0.00499,High
217,3,A2MP1,,NCBI-derived gene type,S0217,Blood,Treatment,820.18,9.68,1.737,7.35e-05,High
218,9,NAT1,,NCBI-derived gene type,S0218,Colon,Treatment,186.0,7.539,3.314,0.0017592,Medium
219,10,NAT2,,NCBI-derived gene type,S0219,Breast,Treatment,1326.87,10.374,1.612,2.23e-05,High
220,11,NATP,,NCBI-derived gene type,S0220,Skin,Treatment,327.56,8.356,0.519,5.03e-05,Medium
221,12,SERPINA3,,NCBI-derived gene type,S0221,Brain,Control,565.03,9.142,0.863,0.4692618,High
222,13,AADAC,,NCBI-derived gene type,S0222,Liver,Control,122.86,6.941,1.185,0.0070745,Medium
223,14,AAMP,,NCBI-derived gene type,S0223,Heart,Control,791.79,9.629,0.808,0.0028582,High
224,15,AANAT,,NCBI-derived gene type,S0224,Lung,Control,453.26,8.824,0.96,0.1103528,Medium
225,16,AARS,,NCBI-derived gene type,S0225,Kidney,Control,990.08,9.951,0.864,0.0082952,High
226,17,AAVS1,,NCBI-derived gene type,S0226,Muscle,Control,611.58,9.256,1.168,0.2842326,High
227,18,ABAT,,NCBI-derived gene type,S0227,Blood,Control,211.75,7.726,0.798,0.0127061,Medium
228,19,ABCA1,,NCBI-derived gene type,S0228,Colon,Control,161.27,7.333,0.772,2.25e-05,Medium
229,20,ABCA2,,NCBI-derived gene type,S0229,Breast,Control,7.66,2.938,0.965,0.0061789,Low
230,21,ABCA3,,NCBI-derived gene type,S0230,Skin,Control,294.8,8.204,0.812,0.0210229,Medium
231,22,ABCB7,,NCBI-derived gene type,S0231,Brain,Treatment,1254.1,10.292,1.78,0.0170102,High
232,23,ABCF1,,NCBI-derived gene type,S0232,Liver,Treatment,2617.28,11.354,2.832,0.0086651,High
233,24,ABCA4,,NCBI-derived gene type,S0233,Heart,Treatment,2181.57,11.091,3.291,0.0009958,High
234,25,ABL1,,NCBI-derived gene type,S0234,Lung,Treatment,1306.97,10.352,2.39,0.1860089,High
235,26,AOC1,,NCBI-derived gene type,S0235,Kidney,Treatment,475.76,8.894,0.575,6.02e-05,Medium
236,27,ABL2,,NCBI-derived gene type,S0236,Muscle,Treatment,842.77,9.719,2.709,0.0047345,High
237,28,ABO,,NCBI-derived gene type,S0237,Blood,Treatment,216.7,7.76,0.742,0.0172499,Medium
238,29,ABR,,NCBI-derived gene type,S0238,Colon,Treatment,2327.7,11.185,3.319,0.0022502,High
239,30,ACAA1,,NCBI-derived gene type,S0239,Breast,Treatment,299.48,8.226,0.603,1.54e-05,Medium
240,31,ACACA,,NCBI-derived gene type,S0240,Skin,Treatment,593.73,9.214,1.365,0.0001502,High
241,32,ACACB,,NCBI-derived gene type,S0241,Brain,Control,95.87,6.583,1.323,0.0849191,Low
242,33,ACADL,,NCBI-derived gene type,S0242,Liver,Control,577.32,9.173,1.316,0.4988734,High
243,34,ACADM,,NCBI-derived gene type,S0243,Heart,Control,673.92,9.396,0.839,1.55e-05,High
244,35,ACADS,,NCBI-derived gene type,S0244,Lung,Control,757.49,9.565,0.979,0.011537,High
245,36,ACADSB,,NCBI-derived gene type,S0245,Kidney,Control,916.49,9.84,0.777,0.005637,High
246,37,ACADVL,,NCBI-derived gene type,S0246,Muscle,Control,636.61,9.314,0.994,2.68e-05,High
247,38,ACAT1,,NCBI-derived gene type,S0247,Blood,Control,351.22,8.456,0.883,0.0141133,Medium
248,39,ACAT2,,NCBI-derived gene type,S0248,Colon,Control,858.44,9.746,0.881,0.0182082,High
249,40,ASIC2,,NCBI-derived gene type,S0249,Breast,Control,291.78,8.189,1.312,0.0666439,Medium
250,41,ASIC1,,NCBI-derived gene type,S0250,Skin,Control,552.35,9.109,0.968,0.0003008,High
251,43,ACHE,,NCBI-derived gene type,S0251,Brain,Treatment,1112.62,10.12,3.406,0.0007936,High
252,46,ACLS,,NCBI-derived gene type,S0252,Liver,Treatment,1790.23,10.806,3.463,0.0123312,High
253,47,ACLY,,NCBI-derived gene type,S0253,Heart,Treatment,900.0,9.814,1.652,7.61e-05,High
254,48,ACO1,,NCBI-derived gene type,S0254,Lung,Treatment,997.39,9.962,2.733,0.008698,High
255,49,ACR,,NCBI-derived gene type,S0255,Kidney,Treatment,754.5,9.559,0.991,0.0038136,High
256,50,ACO2,,NCBI-derived gene type,S0256,Muscle,Treatment,1605.56,10.649,1.73,0.0191327,High
257,51,ACOX1,,NCBI-derived gene type,S0257,Blood,Treatment,429.72,8.747,3.415,0.0072727,Medium
258,52,ACP1,,NCBI-derived gene type,S0258,Colon,Treatment,206.37,7.689,0.849,0.003881,Medium
259,53,ACP2,,NCBI-derived gene type,S0259,Breast,Treatment,356.87,8.479,0.644,0.460902,Medium
260,54,ACP5,,NCBI-derived gene type,S0260,Skin,Treatment,1647.31,10.686,1.804,3.57e-05,High
261,55,ACPP,,NCBI-derived gene type,S0261,Brain,Control,832.98,9.702,0.999,0.0233365,High
262,56,ACRV1,,NCBI-derived gene type,S0262,Liver,Control,511.33,8.998,0.841,0.083792,High
263,58,ACTA1,,NCBI-derived gene type,S0263,Heart,Control,980.34,9.937,0.821,0.0038989,High
264,59,ACTA2,,NCBI-derived gene type,S0264,Lung,Control,386.67,8.595,1.295,0.0024476,Medium
265,60,ACTB,,NCBI-derived gene type,S0265,Kidney,Control,879.93,9.781,1.255,0.0001988,High
266,62,ACTBP2,,NCBI-derived gene type,S0266,Muscle,Control,791.06,9.628,0.94,0.2460183,High
267,63,ACTBP3,,NCBI-derived gene type,S0267,Blood,Control,510.2,8.995,1.224,0.0002135,High
268,64,ACTBP4,,NCBI-derived gene type,S0268,Colon,Control,302.06,8.239,1.061,0.4952688,Medium
269,66,ACTBP6,,NCBI-derived gene type,S0269,Breast,Control,492.19,8.943,0.754,0.0033988,Medium
270,67,ACTBP7,,NCBI-derived gene type,S0270,Skin,Control,348.4,8.445,1.036,0.003582,Medium
271,68,ACTBP8,,NCBI-derived gene type,S0271,Brain,Treatment,624.62,9.287,1.364,7.7e-05,High
272,69,ACTBP9,,NCBI-derived gene type,S0272,Liver,Treatment,1503.69,10.554,2.151,0.0001252,High
273,70,ACTC1,,NCBI-derived gene type,S0273,Heart,Treatment,378.62,8.565,0.487,0.0316311,Medium
274,71,ACTG1,,NCBI-derived gene type,S0274,Lung,Treatment,2053.63,11.004,2.906,0.0006525,High
275,72,ACTG2,,NCBI-derived gene type,S0275,Kidney,Treatment,1953.1,10.932,2.935,0.4072351,High
276,73,ACTG1P1,,NCBI-derived gene type,S0276,Muscle,Treatment,232.3,7.86,0.467,0.0022949,Medium
277,74,ACTG1P2,,NCBI-derived gene type,S0277,Blood,Treatment,1829.73,10.837,3.09,0.1284384,High
278,75,ACTG1P3,,NCBI-derived gene type,S0278,Colon,Treatment,889.2,9.796,2.007,0.0014046,High
279,78,ACTG1P6,,NCBI-derived gene type,S0279,Breast,Treatment,1188.12,10.214,1.641,0.0119529,High
280,79,ACTG1P7,,NCBI-derived gene type,S0280,Skin,Treatment,290.04,8.18,1.829,0.3591344,Medium
281,80,ACTG1P8,,NCBI-derived gene type,S0281,Brain,Control,341.87,8.417,1.135,0.0113301,Medium
282,81,ACTN4,,NCBI-derived gene type,S0282,Liver,Control,852.51,9.736,1.247,0.1093725,High
283,86,ACTL6A,,NCBI-derived gene type,S0283,Heart,Control,383.11,8.582,0.872,0.0238766,Medium
284,87,ACTN1,,NCBI-derived gene type,S0284,Lung,Control,760.6,9.571,1.261,1.47e-05,High
285,88,ACTN2,,NCBI-derived gene type,S0285,Kidney,Control,73.08,6.191,1.092,0.2129937,Low
286,89,ACTN3,,NCBI-derived gene type,S0286,Muscle,Control,997.44,9.962,1.173,0.0010956,High
287,90,ACVR1,,NCBI-derived gene type,S0287,Blood,Control,102.95,6.686,1.094,0.1262183,Medium
288,91,ACVR1B,,NCBI-derived gene type,S0288,Colon,Control,446.46,8.802,1.136,0.1762354,Medium
289,92,ACVR2A,,NCBI-derived gene type,S0289,Breast,Control,50.76,5.666,1.207,0.0002392,Low
290,93,ACVR2B,,NCBI-derived gene type,S0290,Skin,Control,377.97,8.562,0.752,0.0031368,Medium
291,94,ACVRL1,,NCBI-derived gene type,S0291,Brain,Treatment,1617.06,10.659,2.846,6.29e-05,High
292,95,ACY1,,NCBI-derived gene type,S0292,Liver,Treatment,258.5,8.014,3.093,0.0081778,Medium
293,97,ACYP1,,NCBI-derived gene type,S0293,Heart,Treatment,789.02,9.624,3.225,4.71e-05,High
294,98,ACYP2,,NCBI-derived gene type,S0294,Lung,Treatment,533.43,9.059,1.15,0.0001585,High
295,100,ADA,,NCBI-derived gene type,S0295,Kidney,Treatment,41.4,5.371,2.885,0.1720617,Low
296,101,ADAM8,,NCBI-derived gene type,S0296,Muscle,Treatment,575.73,9.169,0.848,0.0011916,High
297,102,ADAM10,,NCBI-derived gene type,S0297,Blood,Treatment,767.74,9.584,2.201,0.0100696,High
298,103,ADAR,,NCBI-derived gene type,S0298,Colon,Treatment,486.06,8.925,1.138,0.0939568,Medium
299,104,ADARB1,,NCBI-derived gene type,S0299,Breast,Treatment,317.39,8.31,1.562,0.0018667,Medium
300,105,ADARB2,,NCBI-derived gene type,S0300,Skin,Treatment,518.57,9.018,2.152,0.0050306,High
301,106,ADCP1,,NCBI-derived gene type,S0301,Brain,Control,992.73,9.955,0.857,0.3947654,High
302,107,ADCY1,,NCBI-derived gene type,S0302,Liver,Control,659.94,9.366,0.842,0.0045695,High
303,108,ADCY2,,NCBI-derived gene type,S0303,Heart,Control,687.37,9.425,1.171,1.7e-05,High
304,109,ADCY3,,NCBI-derived gene type,S0304,Lung,Control,608.37,9.249,0.998,0.1776355,High
305,111,ADCY5,,NCBI-derived gene type,S0305,Kidney,Control,289.76,8.179,1.209,0.0071319,Medium
306,112,ADCY6,,NCBI-derived gene type,S0306,Muscle,Control,355.56,8.474,1.096,0.008283,Medium
307,113,ADCY7,,NCBI-derived gene type,S0307,Blood,Control,679.38,9.408,1.155,0.0125358,High
308,114,ADCY8,,NCBI-derived gene type,S0308,Colon,Control,839.15,9.713,1.09,0.1761966,High
309,115,ADCY9,,NCBI-derived gene type,S0309,Breast,Control,648.11,9.34,0.866,0.00118,High
310,116,ADCYAP1,,NCBI-derived gene type,S0310,Skin,Control,581.68,9.184,1.163,2.65e-05,High
311,117,ADCYAP1R1,,NCBI-derived gene type,S0311,Brain,Treatment,807.68,9.658,2.705,6.69e-05,High
312,118,ADD1,,NCBI-derived gene type,S0312,Liver,Treatment,279.7,8.128,2.049,0.3681298,Medium
313,119,ADD2,,NCBI-derived gene type,S0313,Heart,Treatment,1720.89,10.749,3.227,0.0800242,High
314,120,ADD3,,NCBI-derived gene type,S0314,Lung,Treatment,768.44,9.586,2.948,0.0018394,High
315,122,ADFN,,NCBI-derived gene type,S0315,Kidney,Treatment,2181.47,11.091,2.702,0.0003908,High
316,123,PLIN2,,NCBI-derived gene type,S0316,Muscle,Treatment,404.6,8.66,3.383,4.59e-05,Medium
317,124,ADH1A,,NCBI-derived gene type,S0317,Blood,Treatment,2957.46,11.53,3.059,0.0253407,High
318,125,ADH1B,,NCBI-derived gene type,S0318,Colon,Treatment,3329.11,11.701,3.397,0.0604731,High
319,126,ADH1C,,NCBI-derived gene type,S0319,Breast,Treatment,1048.05,10.033,2.841,1.16e-05,High
320,127,ADH4,,NCBI-derived gene type,S0320,Skin,Treatment,960.61,9.908,1.783,0.0145309,High
321,128,ADH5,,NCBI-derived gene type,S0321,Brain,Control,673.98,9.397,1.059,0.0733434,High
322,1,A1BG,,NCBI-derived gene type,S0322,Liver,Control,940.59,9.877,0.726,0.0001256,High
323,2,A2M,,NCBI-derived gene type,S0323,Heart,Control,29.9,4.902,1.269,0.0043513,Low
324,3,A2MP1,,NCBI-derived gene type,S0324,Lung,Control,915.68,9.839,0.805,1.98e-05,High
325,9,NAT1,,NCBI-derived gene type,S0325,Kidney,Control,824.74,9.688,1.287,0.0002632,High
326,10,NAT2,,NCBI-derived gene type,S0326,Muscle,Control,411.25,8.684,0.748,0.2801749,Medium
327,11,NATP,,NCBI-derived gene type,S0327,Blood,Control,307.84,8.266,0.995,2.86e-05,Medium
328,12,SERPINA3,,NCBI-derived gene type,S0328,Colon,Control,887.82,9.794,0.745,0.0013556,High
329,13,AADAC,,NCBI-derived gene type,S0329,Breast,Control,672.13,9.393,1.17,0.2793047,High
330,14,AAMP,,NCBI-derived gene type,S0330,Skin,Control,422.03,8.721,1.17,5.32e-05,Medium
331,15,AANAT,,NCBI-derived gene type,S0331,Brain,Treatment,276.56,8.111,0.662,0.0019949,Medium
332,16,AARS,,NCBI-derived gene type,S0332,Liver,Treatment,1375.99,10.426,3.347,1.42e-05,High
333,17,AAVS1,,NCBI-derived gene type,S0333,Heart,Treatment,652.69,9.35,1.747,0.2935008,High
334,18,ABAT,,NCBI-derived gene type,S0334,Lung,Treatment,567.61,9.149,0.663,0.0166993,High
335,19,ABCA1,,NCBI-derived gene type,S0335,Kidney,Treatment,1875.44,10.873,3.43,0.000485,High
336,20,ABCA2,,NCBI-derived gene type,S0336,Muscle,Treatment,380.25,8.571,0.948,3.75e-05,Medium
337,21,ABCA3,,NCBI-derived gene type,S0337,Blood,Treatment,1512.85,10.563,1.782,0.0130321,High
338,22,ABCB7,,NCBI-derived gene type,S0338,Colon,Treatment,1435.65,10.487,2.231,1.26e-05,High
339,23,ABCF1,,NCBI-derived gene type,S0339,Breast,Treatment,880.23,9.782,1.117,3.91e-05,High
340,24,ABCA4,,NCBI-derived gene type,S0340,Skin,Treatment,320.85,8.326,0.566,0.0394675,Medium
341,25,ABL1,,NCBI-derived gene type,S0341,Brain,Control,211.12,7.722,0.801,0.12234,Medium
342,26,AOC1,,NCBI-derived gene type,S0342,Liver,Control,331.92,8.375,0.753,0.1708031,Medium
343,27,ABL2,,NCBI-derived gene type,S0343,Heart,Control,7.82,2.967,1.251,4.79e-05,Low
344,28,ABO,,NCBI-derived gene type,S0344,Lung,Control,134.34,7.07,0.825,6.61e-05,Medium
345,29,ABR,,NCBI-derived gene type,S0345,Kidney,Control,662.75,9.372,0.668,1.17e-05,High
346,30,ACAA1,,NCBI-derived gene type,S0346,Muscle,Control,791.03,9.628,0.817,0.0003324,High
347,31,ACACA,,NCBI-derived gene type,S0347,Blood,Control,178.37,7.479,0.687,0.0306249,Medium
348,32,ACACB,,NCBI-derived gene type,S0348,Colon,Control,528.46,9.046,1.172,0.0017312,High
349,33,ACADL,,NCBI-derived gene type,S0349,Breast,Control,779.13,9.606,1.009,3.26e-05,High
350,34,ACADM,,NCBI-derived gene type,S0350,Skin,Control,506.32,8.984,1.312,1.6e-05,High
351,35,ACADS,,NCBI-derived gene type,S0351,Brain,Treatment,2416.45,11.239,3.081,0.0028237,High
352,36,ACADSB,,NCBI-derived gene type,S0352,Liver,Treatment,1560.42,10.608,3.387,1.93e-05,High
353,37,ACADVL,,NCBI-derived gene type,S0353,Heart,Treatment,777.81,9.603,1.615,0.0167748,High
354,38,ACAT1,,NCBI-derived gene type,S0354,Lung,Treatment,1584.68,10.63,3.216,2.22e-05,High
355,39,ACAT2,,NCBI-derived gene type,S0355,Kidney,Treatment,193.5,7.596,2.266,2.04e-05,Medium
356,40,ASIC2,,NCBI-derived gene type,S0356,Muscle,Treatment,653.19,9.351,2.344,0.0037781,High
357,41,ASIC1,,NCBI-derived gene type,S0357,Blood,Treatment,1144.4,10.16,3.483,0.0031161,High
358,43,ACHE,,NCBI-derived gene type,S0358,Colon,Treatment,1030.24,10.009,2.257,2.93e-05,High
359,46,ACLS,,NCBI-derived gene type,S0359,Breast,Treatment,2135.34,11.06,3.036,0.0114633,High
360,47,ACLY,,NCBI-derived gene type,S0360,Skin,Treatment,2018.21,10.979,2.621,0.0001025,High
361,48,ACO1,,NCBI-derived gene type,S0361,Brain,Control,454.3,8.827,0.81,0.0003917,Medium
362,49,ACR,,NCBI-derived gene type,S0362,Liver,Control,456.23,8.834,0.941,2.8e-05,Medium
363,50,ACO2,,NCBI-derived gene type,S0363,Heart,Control,429.63,8.747,1.116,0.0005744,Medium
364,51,ACOX1,,NCBI-derived gene type,S0364,Lung,Control,156.88,7.293,1.296,2.07e-05,Medium
365,52,ACP1,,NCBI-derived gene type,S0365,Kidney,Control,832.61,9.702,0.715,2.84e-05,High
366,53,ACP2,,NCBI-derived gene type,S0366,Muscle,Control,740.1,9.532,1.218,0.0041204,High
367,54,ACP5,,NCBI-derived gene type,S0367,Blood,Control,588.53,9.201,1.043,0.0003543,High
368,55,ACPP,,NCBI-derived gene type,S0368,Colon,Control,126.62,6.984,0.898,0.0133999,Medium
369,56,ACRV1,,NCBI-derived gene type,S0369,Breast,Control,751.53,9.554,1.258,0.0244898,High
370,58,ACTA1,,NCBI-derived gene type,S0370,Skin,Control,968.56,9.92,1.07,0.0004495,High
371,59,ACTA2,,NCBI-derived gene type,S0371,Brain,Treatment,591.7,9.209,1.02,0.0122085,High
372,60,ACTB,,NCBI-derived gene type,S0372,Liver,Treatment,157.61,7.3,0.691,0.0940275,Medium
373,62,ACTBP2,,NCBI-derived gene type,S0373,Heart,Treatment,1020.31,9.995,2.752,0.0049919,High
374,63,ACTBP3,,NCBI-derived gene type,S0374,Lung,Treatment,2434.45,11.249,3.012,0.3805126,High
375,64,ACTBP4,,NCBI-derived gene type,S0375,Kidney,Treatment,1870.34,10.869,2.283,0.0104878,High
376,66,ACTBP6,,NCBI-derived gene type,S0376,Muscle,Treatment,101.98,6.672,3.277,0.0791527,Medium
377,67,ACTBP7,,NCBI-derived gene type,S0377,Blood,Treatment,248.96,7.96,0.918,0.0200763,Medium
378,68,ACTBP8,,NCBI-derived gene type,S0378,Colon,Treatment,443.8,8.794,1.42,1.07e-05,Medium
379,69,ACTBP9,,NCBI-derived gene type,S0379,Breast,Treatment,1857.6,10.859,2.134,0.000765,High
380,70,ACTC1,,NCBI-derived gene type,S0380,Skin,Treatment,342.68,8.421,2.344,1.39e-05,Medium
381,71,ACTG1,,NCBI-derived gene type,S0381,Brain,Control,747.38,9.546,0.801,0.0009402,High
382,72,ACTG2,,NCBI-derived gene type,S0382,Liver,Control,344.19,8.427,0.909,0.0246321,Medium
383,73,ACTG1P1,,NCBI-derived gene type,S0383,Heart,Control,777.95,9.604,1.047,2.51e-05,High
384,74,ACTG1P2,,NCBI-derived gene type,S0384,Lung,Control,57.35,5.842,0.76,0.0080138,Low
385,75,ACTG1P3,,NCBI-derived gene type,S0385,Kidney,Control,675.6,9.4,0.84,0.0129155,High
386,78,ACTG1P6,,NCBI-derived gene type,S0386,Muscle,Control,488.23,8.931,0.959,0.0001923,Medium
387,79,ACTG1P7,,NCBI-derived gene type,S0387,Blood,Control,756.17,9.563,0.73,0.0010486,High
388,80,ACTG1P8,,NCBI-derived gene type,S0388,Colon,Control,286.83,8.164,1.125,0.0019372,Medium
389,81,ACTN4,,NCBI-derived gene type,S0389,Breast,Control,668.8,9.385,0.682,0.0007207,High
390,86,ACTL6A,,NCBI-derived gene type,S0390,Skin,Control,601.33,9.232,0.655,0.000261,High
391,87,ACTN1,,NCBI-derived gene type,S0391,Brain,Treatment,168.33,7.395,0.782,0.0001588,Medium
392,88,ACTN2,,NCBI-derived gene type,S0392,Liver,Treatment,124.09,6.955,0.374,0.0324315,Medium
393,89,ACTN3,,NCBI-derived gene type,S0393,Heart,Treatment,278.29,8.12,1.548,0.0202887,Medium
394,90,ACVR1,,NCBI-derived gene type,S0394,Lung,Treatment,1495.75,10.547,2.975,0.0615376,High
395,91,ACVR1B,,NCBI-derived gene type,S0395,Kidney,Treatment,235.1,7.877,3.065,1.58e-05,Medium
396,92,ACVR2A,,NCBI-derived gene type,S0396,Muscle,Treatment,76.89,6.265,3.252,0.1126982,Low
397,93,ACVR2B,,NCBI-derived gene type,S0397,Blood,Treatment,1246.03,10.283,2.156,0.0216095,High
398,94,ACVRL1,,NCBI-derived gene type,S0398,Colon,Treatment,299.81,8.228,0.713,1.25e-05,Medium
399,95,ACY1,,NCBI-derived gene type,S0399,Breast,Treatment,943.14,9.881,2.874,0.0080388,High
400,97,ACYP1,,NCBI-derived gene type,S0400,Skin,Treatment,2704.54,11.401,3.247,2.6e-05,High
401,98,ACYP2,,NCBI-derived gene type,S0401,Brain,Control,845.26,9.723,0.82,0.0058573,High
402,100,ADA,,NCBI-derived gene type,S0402,Liver,Control,526.34,9.04,0.927,0.0002873,High
403,101,ADAM8,,NCBI-derived gene type,S0403,Heart,Control,342.82,8.421,0.883,6.17e-05,Medium
404,102,ADAM10,,NCBI-derived gene type,S0404,Lung,Control,512.93,9.003,0.73,0.0024933,High
405,103,ADAR,,NCBI-derived gene type,S0405,Kidney,Control,906.39,9.824,0.895,0.026223,High
406,104,ADARB1,,NCBI-derived gene type,S0406,Muscle,Control,819.85,9.679,1.221,0.000129,High
407,105,ADARB2,,NCBI-derived gene type,S0407,Blood,Control,150.71,7.236,0.788,0.0067807,Medium
408,106,ADCP1,,NCBI-derived gene type,S0408,Colon,Control,761.41,9.573,1.109,6.8e-05,High
409,107,ADCY1,,NCBI-derived gene type,S0409,Breast,Control,773.98,9.596,0.996,0.0351476,High
410,108,ADCY2,,NCBI-derived gene type,S0410,Skin,Control,761.08,9.572,0.964,0.2205591,High
411,109,ADCY3,,NCBI-derived gene type,S0411,Brain,Treatment,1332.35,10.38,2.351,0.0086149,High
412,111,ADCY5,,NCBI-derived gene type,S0412,Liver,Treatment,2011.59,10.974,2.326,5.12e-05,High
413,112,ADCY6,,NCBI-derived gene type,S0413,Heart,Treatment,127.14,6.99,1.743,0.000265,Medium
414,113,ADCY7,,NCBI-derived gene type,S0414,Lung,Treatment,146.65,7.196,0.527,0.0024237,Medium
415,114,ADCY8,,NCBI-derived gene type,S0415,Kidney,Treatment,556.63,9.121,1.774,1.85e-05,High
416,115,ADCY9,,NCBI-derived gene type,S0416,Muscle,Treatment,492.62,8.944,0.592,0.1153387,Medium
417,116,ADCYAP1,,NCBI-derived gene type,S0417,Blood,Treatment,1957.95,10.935,2.287,0.0024167,High
418,117,ADCYAP1R1,,NCBI-derived gene type,S0418,Colon,Treatment,975.52,9.93,2.096,0.0526676,High
419,118,ADD1,,NCBI-derived gene type,S0419,Breast,Treatment,1583.63,10.629,1.767,0.0639933,High
420,119,ADD2,,NCBI-derived gene type,S0420,Skin,Treatment,890.7,9.799,1.363,0.0017197,High
421,120,ADD3,,NCBI-derived gene type,S0421,Brain,Control,155.11,7.277,0.693,3.07e-05,Medium
422,122,ADFN,,NCBI-derived gene type,S0422,Liver,Control,899.63,9.813,0.89,0.0227658,High
423,123,PLIN2,,NCBI-derived gene type,S0423,Heart,Control,507.03,8.986,0.771,0.000146,High
424,124,ADH1A,,NCBI-derived gene type,S0424,Lung,Control,440.57,8.783,0.958,0.0028636,Medium
425,125,ADH1B,,NCBI-derived gene type,S0425,Kidney,Control,162.95,7.348,0.911,0.0002136,Medium
426,126,ADH1C,,NCBI-derived gene type,S0426,Muscle,Control,411.73,8.686,0.887,0.0064575,Medium
427,127,ADH4,,NCBI-derived gene type,S0427,Blood,Control,790.28,9.626,1.103,2.04e-05,High
428,128,ADH5,,NCBI-derived gene type,S0428,Colon,Control,99.03,6.63,1.125,0.0002165,Low
429,1,A1BG,,NCBI-derived gene type,S0429,Breast,Control,725.11,9.502,1.11,0.1818908,High
430,2,A2M,,NCBI-derived gene type,S0430,Skin,Control,873.91,9.771,0.883,0.0054812,High
431,3,A2MP1,,NCBI-derived gene type,S0431,Brain,Treatment,211.58,7.725,1.452,0.3533244,Medium
432,9,NAT1,,NCBI-derived gene type,S0432,Liver,Treatment,1109.25,10.115,1.585,0.0062617,High
433,10,NAT2,,NCBI-derived gene type,S0433,Heart,Treatment,1243.44,10.28,1.325,0.0005894,High
434,11,NATP,,NCBI-derived gene type,S0434,Lung,Treatment,2307.98,11.172,2.912,0.0141107,High
435,12,SERPINA3,,NCBI-derived gene type,S0435,Kidney,Treatment,2221.53,11.117,2.677,0.0166513,High
436,13,AADAC,,NCBI-derived gene type,S0436,Muscle,Treatment,1261.08,10.3,2.385,0.0009773,High
437,14,AAMP,,NCBI-derived gene type,S0437,Blood,Treatment,544.67,9.089,1.492,7.03e-05,High
438,15,AANAT,,NCBI-derived gene type,S0438,Colon,Treatment,727.47,9.507,3.335,0.0019296,High
439,16,AARS,,NCBI-derived gene type,S0439,Breast,Treatment,180.49,7.496,0.783,2.31e-05,Medium
440,17,AAVS1,,NCBI-derived gene type,S0440,Skin,Treatment,565.1,9.142,0.669,0.0419866,High
441,18,ABAT,,NCBI-derived gene type,S0441,Brain,Control,835.94,9.707,1.269,1.5e-05,High
442,19,ABCA1,,NCBI-derived gene type,S0442,Liver,Control,340.08,8.41,1.186,4.13e-05,Medium
443,20,ABCA2,,NCBI-derived gene type,S0443,Heart,Control,379.84,8.569,0.764,0.0807833,Medium
444,21,ABCA3,,NCBI-derived gene type,S0444,Lung,Control,772.24,9.593,1.216,6e-05,High
445,22,ABCB7,,NCBI-derived gene type,S0445,Kidney,Control,440.49,8.783,0.938,0.0150975,Medium
446,23,ABCF1,,NCBI-derived gene type,S0446,Muscle,Control,241.34,7.915,0.961,0.0002184,Medium
447,24,ABCA4,,NCBI-derived gene type,S0447,Blood,Control,749.79,9.55,0.964,0.0032348,High
448,25,ABL1,,NCBI-derived gene type,S0448,Colon,Control,312.92,8.29,1.216,0.0016009,Medium
449,26,AOC1,,NCBI-derived gene type,S0449,Breast,Control,835.94,9.707,0.907,0.2828211,High
450,27,ABL2,,NCBI-derived gene type,S0450,Skin,Control,984.52,9.943,0.973,0.000211,High
451,28,ABO,,NCBI-derived gene type,S0451,Brain,Treatment,774.35,9.597,2.011,0.3479047,High
452,29,ABR,,NCBI-derived gene type,S0452,Liver,Treatment,2350.35,11.199,2.874,4.47e-05,High
453,30,ACAA1,,NCBI-derived gene type,S0453,Heart,Treatment,601.32,9.232,2.37,0.1283363,High
454,31,ACACA,,NCBI-derived gene type,S0454,Lung,Treatment,374.79,8.55,0.673,0.094557,Medium
455,32,ACACB,,NCBI-derived gene type,S0455,Kidney,Treatment,1063.14,10.054,1.248,0.0386055,High
456,33,ACADL,,NCBI-derived gene type,S0456,Muscle,Treatment,885.04,9.79,3.202,4.93e-05,High
457,34,ACADM,,NCBI-derived gene type,S0457,Blood,Treatment,1466.68,10.518,3.331,0.0001106,High
458,35,ACADS,,NCBI-derived gene type,S0458,Colon,Treatment,658.66,9.363,1.451,1.33e-05,High
459,36,ACADSB,,NCBI-derived gene type,S0459,Breast,Treatment,112.0,6.807,1.931,0.0001283,Medium
460,37,ACADVL,,NCBI-derived gene type,S0460,Skin,Treatment,1522.64,10.572,1.531,1.36e-05,High
461,38,ACAT1,,NCBI-derived gene type,S0461,Brain,Control,931.17,9.863,1.237,0.0113453,High
462,39,ACAT2,,NCBI-derived gene type,S0462,Liver,Control,792.42,9.63,0.746,0.000223,High
463,40,ASIC2,,NCBI-derived gene type,S0463,Heart,Control,830.61,9.698,1.137,4.49e-05,High
464,41,ASIC1,,NCBI-derived gene type,S0464,Lung,Control,707.01,9.466,0.964,1.06e-05,High
465,43,ACHE,,NCBI-derived gene type,S0465,Kidney,Control,83.83,6.389,0.829,0.0840091,Low
466,46,ACLS,,NCBI-derived gene type,S0466,Muscle,Control,551.06,9.106,1.159,0.0030236,High
467,47,ACLY,,NCBI-derived gene type,S0467,Blood,Control,115.63,6.853,0.852,0.0002603,Medium
468,48,ACO1,,NCBI-derived gene type,S0468,Colon,Control,52.51,5.715,0.944,0.0538674,Low
469,49,ACR,,NCBI-derived gene type,S0469,Breast,Control,459.83,8.845,0.728,0.179552,Medium
470,50,ACO2,,NCBI-derived gene type,S0470,Skin,Control,598.76,9.226,0.662,0.002644,High
471,51,ACOX1,,NCBI-derived gene type,S0471,Brain,Treatment,197.14,7.623,0.802,0.0010409,Medium
472,52,ACP1,,NCBI-derived gene type,S0472,Liver,Treatment,683.21,9.416,1.108,0.0009075,High
473,53,ACP2,,NCBI-derived gene type,S0473,Heart,Treatment,412.74,8.689,0.62,0.3809571,Medium
474,54,ACP5,,NCBI-derived gene type,S0474,Lung,Treatment,145.19,7.182,2.007,0.0024235,Medium
475,55,ACPP,,NCBI-derived gene type,S0475,Kidney,Treatment,2071.25,11.016,2.096,0.0006841,High
476,56,ACRV1,,NCBI-derived gene type,S0476,Muscle,Treatment,1112.16,10.119,2.352,0.4082115,High
477,58,ACTA1,,NCBI-derived gene type,S0477,Blood,Treatment,103.25,6.69,0.401,0.0508211,Medium
478,59,ACTA2,,NCBI-derived gene type,S0478,Colon,Treatment,925.46,9.854,2.659,0.0089703,High
479,60,ACTB,,NCBI-derived gene type,S0479,Breast,Treatment,2059.74,11.008,2.666,0.0003655,High
480,62,ACTBP2,,NCBI-derived gene type,S0480,Skin,Treatment,101.66,6.668,2.07,0.0666027,Medium
481,63,ACTBP3,,NCBI-derived gene type,S0481,Brain,Control,179.21,7.486,1.195,0.0015266,Medium
482,64,ACTBP4,,NCBI-derived gene type,S0482,Liver,Control,696.91,9.445,1.092,0.0651687,High
483,66,ACTBP6,,NCBI-derived gene type,S0483,Heart,Control,67.79,6.083,1.193,0.0014161,Low
484,67,ACTBP7,,NCBI-derived gene type,S0484,Lung,Control,296.98,8.214,0.681,8.66e-05,Medium
485,68,ACTBP8,,NCBI-derived gene type,S0485,Kidney,Control,46.7,5.545,1.303,0.0026443,Low
486,69,ACTBP9,,NCBI-derived gene type,S0486,Muscle,Control,989.18,9.95,1.03,0.0001551,High
487,70,ACTC1,,NCBI-derived gene type,S0487,Blood,Control,754.52,9.559,0.784,0.0004762,High
488,71,ACTG1,,NCBI-derived gene type,S0488,Colon,Control,781.94,9.611,1.256,0.0003631,High
489,72,ACTG2,,NCBI-derived gene type,S0489,Breast,Control,128.85,7.01,0.908,0.1515607,Medium
490,73,ACTG1P1,,NCBI-derived gene type,S0490,Skin,Control,744.59,9.54,1.276,0.0006565,High
491,74,ACTG1P2,,NCBI-derived gene type,S0491,Brain,Treatment,1863.02,10.863,1.913,0.0021795,High
492,75,ACTG1P3,,NCBI-derived gene type,S0492,Liver,Treatment,1836.17,10.842,1.986,0.0582634,High
493,78,ACTG1P6,,NCBI-derived gene type,S0493,Heart,Treatment,436.06,8.768,0.599,0.0067847,Medium
494,79,ACTG1P7,,NCBI-derived gene type,S0494,Lung,Treatment,1702.64,10.734,2.068,0.0003234,High
495,80,ACTG1P8,,NCBI-derived gene type,S0495,Kidney,Treatment,205.91,7.686,2.432,0.0002758,Medium
496,81,ACTN4,,NCBI-derived gene type,S0496,Muscle,Treatment,1023.16,9.999,1.692,0.017454,High
497,86,ACTL6A,,NCBI-derived gene type,S0497,Blood,Treatment,171.51,7.422,0.483,0.1227933,Medium
498,87,ACTN1,,NCBI-derived gene type,S0498,Colon,Treatment,1243.22,10.28,3.494,0.0001952,High
499,88,ACTN2,,NCBI-derived gene type,S0499,Breast,Treatment,3269.6,11.675,3.336,2.25e-05,High
500,89,ACTN3,,NCBI-derived gene type,S0500,Skin,Treatment,955.43,9.9,1.494,0.0582306,High
501,90,ACVR1,,NCBI-derived gene type,S0501,Brain,Control,681.01,9.412,1.317,4.69e-05,High
502,91,ACVR1B,,NCBI-derived gene type,S0502,Liver,Control,609.54,9.252,1.197,1.46e-05,High
503,92,ACVR2A,,NCBI-derived gene type,S0503,Heart,Control,71.9,6.168,1.195,0.0005269,Low
504,93,ACVR2B,,NCBI-derived gene type,S0504,Lung,Control,385.94,8.592,1.047,0.0069815,Medium
505,94,ACVRL1,,NCBI-derived gene type,S0505,Kidney,Control,680.67,9.411,1.314,0.0005604,High
506,95,ACY1,,NCBI-derived gene type,S0506,Muscle,Control,764.27,9.578,1.052,0.0030794,High
507,97,ACYP1,,NCBI-derived gene type,S0507,Blood,Control,401.04,8.648,1.105,0.000149,Medium
508,98,ACYP2,,NCBI-derived gene type,S0508,Colon,Control,117.88,6.881,1.165,0.0022157,Medium
509,100,ADA,,NCBI-derived gene type,S0509,Breast,Control,390.05,8.608,1.043,0.00017,Medium
510,101,ADAM8,,NCBI-derived gene type,S0510,Skin,Control,263.99,8.044,0.962,0.4818546,Medium
511,102,ADAM10,,NCBI-derived gene type,S0511,Brain,Treatment,935.95,9.87,3.237,0.0020354,High
512,103,ADAR,,NCBI-derived gene type,S0512,Liver,Treatment,385.7,8.591,3.036,0.0013323,Medium
513,104,ADARB1,,NCBI-derived gene type,S0513,Heart,Treatment,1575.46,10.622,1.752,2.59e-05,High
514,105,ADARB2,,NCBI-derived gene type,S0514,Lung,Treatment,2059.71,11.008,3.013,0.0003177,High
515,106,ADCP1,,NCBI-derived gene type,S0515,Kidney,Treatment,194.48,7.603,0.555,0.0035335,Medium
516,107,ADCY1,,NCBI-derived gene type,S0516,Muscle,Treatment,2703.98,11.401,3.032,0.0221566,High
517,108,ADCY2,,NCBI-derived gene type,S0517,Blood,Treatment,2188.19,11.096,2.359,0.0537493,High
518,109,ADCY3,,NCBI-derived gene type,S0518,Colon,Treatment,374.36,8.548,0.732,8.8e-05,Medium
519,111,ADCY5,,NCBI-derived gene type,S0519,Breast,Treatment,406.59,8.667,2.84,1.33e-05,Medium
520,112,ADCY6,,NCBI-derived gene type,S0520,Skin,Treatment,841.09,9.716,1.512,0.0598701,High
521,113,ADCY7,,NCBI-derived gene type,S0521,Brain,Control,553.89,9.113,1.078,2.54e-05,High
522,114,ADCY8,,NCBI-derived gene type,S0522,Liver,Control,312.74,8.289,1.35,0.0239159,Medium
523,115,ADCY9,,NCBI-derived gene type,S0523,Heart,Control,528.07,9.045,1.188,0.074079,High
524,116,ADCYAP1,,NCBI-derived gene type,S0524,Lung,Control,78.38,6.292,1.331,0.010447,Low
525,117,ADCYAP1R1,,NCBI-derived gene type,S0525,Kidney,Control,452.72,8.822,1.126,0.0004161,Medium
526,118,ADD1,,NCBI-derived gene type,S0526,Muscle,Control,878.57,9.779,1.196,0.0101632,High
527,119,ADD2,,NCBI-derived gene type,S0527,Blood,Control,186.05,7.54,1.326,0.0010797,Medium
528,120,ADD3,,NCBI-derived gene type,S0528,Colon,Control,911.16,9.832,0.689,3.83e-05,High
529,122,ADFN,,NCBI-derived gene type,S0529,Breast,Control,157.25,7.297,0.765,0.0003285,Medium
530,123,PLIN2,,NCBI-derived gene type,S0530,Skin,Control,710.79,9.473,0.892,0.2643925,High
531,124,ADH1A,,NCBI-derived gene type,S0531,Brain,Treatment,2699.51,11.398,3.015,0.0001506,High
532,125,ADH1B,,NCBI-derived gene type,S0532,Liver,Treatment,1327.99,10.375,2.085,3.88e-05,High
533,126,ADH1C,,NCBI-derived gene type,S0533,Heart,Treatment,621.95,9.281,2.03,0.0023019,High
534,127,ADH4,,NCBI-derived gene type,S0534,Lung,Treatment,572.99,9.162,3.316,5.31e-05,High
535,128,ADH5,,NCBI-derived gene type,S0535,Kidney,Treatment,1730.35,10.757,2.62,0.0069848,High
536,1,A1BG,,NCBI-derived gene type,S0536,Muscle,Treatment,1792.38,10.808,2.125,0.0756154,High
537,2,A2M,,NCBI-derived gene type,S0537,Blood,Treatment,16.39,4.035,0.493,0.0103474,Low
538,3,A2MP1,,NCBI-derived gene type,S0538,Colon,Treatment,1389.94,10.441,2.401,0.0402446,High
539,9,NAT1,,NCBI-derived gene type,S0539,Breast,Treatment,991.21,9.953,2.363,0.0021917,High
540,10,NAT2,,NCBI-derived gene type,S0540,Skin,Treatment,794.13,9.633,1.262,0.3135132,High
541,11,NATP,,NCBI-derived gene type,S0541,Brain,Control,485.53,8.923,1.213,0.0165751,Medium
542,12,SERPINA3,,NCBI-derived gene type,S0542,Liver,Control,300.95,8.233,0.701,1.91e-05,Medium
543,13,AADAC,,NCBI-derived gene type,S0543,Heart,Control,442.41,8.789,0.989,9.1e-05,Medium
544,14,AAMP,,NCBI-derived gene type,S0544,Lung,Control,608.63,9.249,0.869,0.0237851,High
545,15,AANAT,,NCBI-derived gene type,S0545,Kidney,Control,735.53,9.523,1.253,0.3839356,High
546,16,AARS,,NCBI-derived gene type,S0546,Muscle,Control,135.11,7.078,0.909,0.0043628,Medium
547,17,AAVS1,,NCBI-derived gene type,S0547,Blood,Control,322.52,8.333,0.977,0.0001808,Medium
548,18,ABAT,,NCBI-derived gene type,S0548,Colon,Control,251.68,7.975,0.718,0.0002312,Medium
549,19,ABCA1,,NCBI-derived gene type,S0549,Breast,Control,387.23,8.597,1.081,0.0001468,Medium
550,20,ABCA2,,NCBI-derived gene type,S0550,Skin,Control,865.98,9.758,0.762,0.0003459,High
551,21,ABCA3,,NCBI-derived gene type,S0551,Brain,Treatment,774.06,9.596,1.335,0.0386074,High
552,22,ABCB7,,NCBI-derived gene type,S0552,Liver,Treatment,987.22,9.947,1.971,0.0022089,High
553,23,ABCF1,,NCBI-derived gene type,S0553,Heart,Treatment,131.98,7.044,0.423,0.277073,Medium
554,24,ABCA4,,NCBI-derived gene type,S0554,Lung,Treatment,1724.41,10.752,3.395,0.0001026,High
555,25,ABL1,,NCBI-derived gene type,S0555,Kidney,Treatment,181.34,7.503,0.509,0.0021184,Medium
556,26,AOC1,,NCBI-derived gene type,S0556,Muscle,Treatment,2128.67,11.056,2.411,0.0016284,High
557,27,ABL2,,NCBI-derived gene type,S0557,Blood,Treatment,1627.04,10.668,3.019,0.0010601,High
558,28,ABO,,NCBI-derived gene type,S0558,Colon,Treatment,2332.69,11.188,2.642,0.0389159,High
559,29,ABR,,NCBI-derived gene type,S0559,Breast,Treatment,594.94,9.217,1.612,0.0047899,High
560,30,ACAA1,,NCBI-derived gene type,S0560,Skin,Treatment,415.77,8.7,2.093,2.22e-05,Medium
561,31,ACACA,,NCBI-derived gene type,S0561,Brain,Control,506.73,8.985,1.185,0.0002064,High
562,32,ACACB,,NCBI-derived gene type,S0562,Liver,Control,989.15,9.95,1.126,3.62e-05,High
563,33,ACADL,,NCBI-derived gene type,S0563,Heart,Control,975.21,9.93,0.926,0.0544524,High
564,34,ACADM,,NCBI-derived gene type,S0564,Lung,Control,342.39,8.419,1.307,0.0353457,Medium
565,35,ACADS,,NCBI-derived gene type,S0565,Kidney,Control,203.06,7.666,1.006,0.0022406,Medium
566,36,ACADSB,,NCBI-derived gene type,S0566,Muscle,Control,50.08,5.646,0.746,0.0003675,Low
567,37,ACADVL,,NCBI-derived gene type,S0567,Blood,Control,476.38,8.896,0.97,0.0070701,Medium
568,38,ACAT1,,NCBI-derived gene type,S0568,Colon,Control,517.93,9.017,0.88,0.0076106,High
569,39,ACAT2,,NCBI-derived gene type,S0569,Breast,Control,166.69,7.381,1.343,0.0298401,Medium
570,40,ASIC2,,NCBI-derived gene type,S0570,Skin,Control,302.74,8.242,0.885,0.0781556,Medium
571,41,ASIC1,,NCBI-derived gene type,S0571,Brain,Treatment,1380.82,10.431,2.583,0.0002565,High
572,43,ACHE,,NCBI-derived gene type,S0572,Liver,Treatment,1233.44,10.268,1.51,0.0146855,High
573,46,ACLS,,NCBI-derived gene type,S0573,Heart,Treatment,2144.89,11.067,2.189,0.0555581,High
574,47,ACLY,,NCBI-derived gene type,S0574,Lung,Treatment,1829.34,10.837,2.517,1.33e-05,High
575,48,ACO1,,NCBI-derived gene type,S0575,Kidney,Treatment,1620.76,10.662,3.396,0.0478243,High
576,49,ACR,,NCBI-derived gene type,S0576,Muscle,Treatment,1686.35,10.72,2.17,0.0245799,High
577,50,ACO2,,NCBI-derived gene type,S0577,Blood,Treatment,519.5,9.021,0.887,0.0090452,High
578,51,ACOX1,,NCBI-derived gene type,S0578,Colon,Treatment,1864.71,10.865,3.0,4.95e-05,High
579,52,ACP1,,NCBI-derived gene type,S0579,Breast,Treatment,306.67,8.261,0.449,0.2861306,Medium
580,53,ACP2,,NCBI-derived gene type,S0580,Skin,Treatment,46.84,5.55,0.41,0.0002981,Low
581,54,ACP5,,NCBI-derived gene type,S0581,Brain,Control,155.67,7.282,1.133,0.0008487,Medium
582,55,ACPP,,NCBI-derived gene type,S0582,Liver,Control,776.1,9.6,1.294,0.1265445,High
583,56,ACRV1,,NCBI-derived gene type,S0583,Heart,Control,737.16,9.526,0.694,4.46e-05,High
584,58,ACTA1,,NCBI-derived gene type,S0584,Lung,Control,211.3,7.723,0.878,0.0129559,Medium
585,59,ACTA2,,NCBI-derived gene type,S0585,Kidney,Control,527.85,9.044,0.87,6.52e-05,High
586,60,ACTB,,NCBI-derived gene type,S0586,Muscle,Control,912.56,9.834,0.89,0.0004625,High
587,62,ACTBP2,,NCBI-derived gene type,S0587,Blood,Control,773.13,9.595,1.155,0.0105573,High
588,63,ACTBP3,,NCBI-derived gene type,S0588,Colon,Control,694.85,9.441,1.077,8.01e-05,High
589,64,ACTBP4,,NCBI-derived gene type,S0589,Breast,Control,250.29,7.967,1.041,0.000114,Medium
590,66,ACTBP6,,NCBI-derived gene type,S0590,Skin,Control,973.05,9.926,0.858,0.0002282,High
591,67,ACTBP7,,NCBI-derived gene type,S0591,Brain,Treatment,543.04,9.085,2.571,0.0003091,High
592,68,ACTBP8,,NCBI-derived gene type,S0592,Liver,Treatment,1158.68,10.178,3.291,0.0547527,High
593,69,ACTBP9,,NCBI-derived gene type,S0593,Heart,Treatment,203.36,7.668,0.734,0.01514,Medium
594,70,ACTC1,,NCBI-derived gene type,S0594,Lung,Treatment,1315.86,10.362,3.438,0.070206,High
595,71,ACTG1,,NCBI-derived gene type,S0595,Kidney,Treatment,2754.26,11.427,2.885,0.0002318,High
596,72,ACTG2,,NCBI-derived gene type,S0596,Muscle,Treatment,756.97,9.564,2.6,0.0004245,High
597,73,ACTG1P1,,NCBI-derived gene type,S0597,Blood,Treatment,515.41,9.01,1.158,0.0017851,High
598,74,ACTG1P2,,NCBI-derived gene type,S0598,Colon,Treatment,421.7,8.72,2.047,0.2427798,Medium
599,75,ACTG1P3,,NCBI-derived gene type,S0599,Breast,Treatment,545.88,9.092,0.782,0.0078286,High
600,78,ACTG1P6,,NCBI-derived gene type,S0600,Skin,Treatment,655.88,9.357,1.114,0.0140676,High
601,79,ACTG1P7,,NCBI-derived gene type,S0601,Brain,Control,533.39,9.059,1.097,1.76e-05,High
602,80,ACTG1P8,,NCBI-derived gene type,S0602,Liver,Control,416.23,8.701,1.152,2.97e-05,Medium
603,81,ACTN4,,NCBI-derived gene type,S0603,Heart,Control,771.91,9.592,0.654,0.0038606,High
604,86,ACTL6A,,NCBI-derived gene type,S0604,Lung,Control,929.45,9.86,0.935,0.2481138,High
605,87,ACTN1,,NCBI-derived gene type,S0605,Kidney,Control,879.01,9.78,0.984,8.66e-05,High
606,88,ACTN2,,NCBI-derived gene type,S0606,Muscle,Control,964.09,9.913,0.875,0.0108573,High
607,89,ACTN3,,NCBI-derived gene type,S0607,Blood,Control,908.4,9.827,0.713,0.0049937,High
608,90,ACVR1,,NCBI-derived gene type,S0608,Colon,Control,537.48,9.07,1.156,0.2525493,High
609,91,ACVR1B,,NCBI-derived gene type,S0609,Breast,Control,913.66,9.836,0.773,0.1401365,High
610,92,ACVR2A,,NCBI-derived gene type,S0610,Skin,Control,179.91,7.491,1.294,0.4860797,Medium
611,93,ACVR2B,,NCBI-derived gene type,S0611,Brain,Treatment,764.2,9.578,1.91,0.2523836,High
612,94,ACVRL1,,NCBI-derived gene type,S0612,Liver,Treatment,3143.93,11.618,3.267,0.1320362,High
613,95,ACY1,,NCBI-derived gene type,S0613,Heart,Treatment,30.42,4.927,2.139,3.19e-05,Low
614,97,ACYP1,,NCBI-derived gene type,S0614,Lung,Treatment,1225.28,10.259,1.246,0.4454177,High
615,98,ACYP2,,NCBI-derived gene type,S0615,Kidney,Treatment,1039.79,10.022,1.906,0.2577712,High
616,100,ADA,,NCBI-derived gene type,S0616,Muscle,Treatment,1553.92,10.602,1.824,8.06e-05,High
617,101,ADAM8,,NCBI-derived gene type,S0617,Blood,Treatment,100.91,6.657,0.862,0.0014352,Medium
618,102,ADAM10,,NCBI-derived gene type,S0618,Colon,Treatment,244.41,7.933,0.937,0.0289804,Medium
619,103,ADAR,,NCBI-derived gene type,S0619,Breast,Treatment,1693.3,10.726,2.139,0.0362434,High
620,104,ADARB1,,NCBI-derived gene type,S0620,Skin,Treatment,547.27,9.096,3.047,0.1644754,High
621,105,ADARB2,,NCBI-derived gene type,S0621,Brain,Control,827.85,9.693,1.011,2.56e-05,High
622,106,ADCP1,,NCBI-derived gene type,S0622,Liver,Control,670.91,9.39,0.779,4.58e-05,High
623,107,ADCY1,,NCBI-derived gene type,S0623,Heart,Control,326.98,8.353,0.824,0.0001681,Medium
624,108,ADCY2,,NCBI-derived gene type,S0624,Lung,Control,239.34,7.903,1.178,0.304764,Medium
625,109,ADCY3,,NCBI-derived gene type,S0625,Kidney,Control,305.44,8.255,1.156,1.13e-05,Medium
626,111,ADCY5,,NCBI-derived gene type,S0626,Muscle,Control,655.41,9.356,1.135,1.96e-05,High
627,112,ADCY6,,NCBI-derived gene type,S0627,Blood,Control,122.63,6.938,0.865,0.0008044,Medium
628,113,ADCY7,,NCBI-derived gene type,S0628,Colon,Control,505.01,8.98,1.277,0.0202637,High
629,114,ADCY8,,NCBI-derived gene type,S0629,Breast,Control,314.42,8.297,0.732,0.2022147,Medium
630,115,ADCY9,,NCBI-derived gene type,S0630,Skin,Control,298.56,8.222,1.08,0.0001071,Medium
631,116,ADCYAP1,,NCBI-derived gene type,S0631,Brain,Treatment,114.81,6.843,0.833,0.0326854,Medium
632,117,ADCYAP1R1,,NCBI-derived gene type,S0632,Liver,Treatment,1008.75,9.978,1.66,0.0038142,High
633,118,ADD1,,NCBI-derived gene type,S0633,Heart,Treatment,967.39,9.918,2.043,0.0132204,High
634,119,ADD2,,NCBI-derived gene type,S0634,Lung,Treatment,251.11,7.972,1.13,0.0352595,Medium
635,120,ADD3,,NCBI-derived gene type,S0635,Kidney,Treatment,531.16,9.053,0.608,0.0012581,High
636,122,ADFN,,NCBI-derived gene type,S0636,Muscle,Treatment,420.34,8.715,0.596,0.0044833,Medium
637,123,PLIN2,,NCBI-derived gene type,S0637,Blood,Treatment,137.89,7.107,2.075,0.0023757,Medium
638,124,ADH1A,,NCBI-derived gene type,S0638,Colon,Treatment,472.54,8.884,0.822,0.0003485,Medium
639,125,ADH1B,,NCBI-derived gene type,S0639,Breast,Treatment,374.36,8.548,0.716,9.23e-05,Medium
640,126,ADH1C,,NCBI-derived gene type,S0640,Skin,Treatment,372.48,8.541,0.636,0.0025047,Medium
641,127,ADH4,,NCBI-derived gene type,S0641,Brain,Control,809.65,9.661,0.967,0.0025838,High
642,128,ADH5,,NCBI-derived gene type,S0642,Liver,Control,459.51,8.844,0.69,0.00149,Medium
643,1,A1BG,,NCBI-derived gene type,S0643,Heart,Control,807.88,9.658,1.156,0.000726,High
644,2,A2M,,NCBI-derived gene type,S0644,Lung,Control,817.37,9.675,1.172,0.0052247,High
645,3,A2MP1,,NCBI-derived gene type,S0645,Kidney,Control,50.06,5.646,0.891,1.99e-05,Low
646,9,NAT1,,NCBI-derived gene type,S0646,Muscle,Control,994.15,9.957,1.304,2.11e-05,High
647,10,NAT2,,NCBI-derived gene type,S0647,Blood,Control,934.11,9.867,0.672,0.000835,High
648,11,NATP,,NCBI-derived gene type,S0648,Colon,Control,770.13,9.589,1.186,0.3964299,High
649,12,SERPINA3,,NCBI-derived gene type,S0649,Breast,Control,647.65,9.339,0.944,0.4639018,High
650,13,AADAC,,NCBI-derived gene type,S0650,Skin,Control,385.57,8.591,1.259,0.1827285,Medium
651,14,AAMP,,NCBI-derived gene type,S0651,Brain,Treatment,947.15,9.887,2.501,0.0128951,High
652,15,AANAT,,NCBI-derived gene type,S0652,Liver,Treatment,1304.52,10.349,2.409,0.000431,High
653,16,AARS,,NCBI-derived gene type,S0653,Heart,Treatment,372.9,8.543,2.042,0.0030589,Medium
654,17,AAVS1,,NCBI-derived gene type,S0654,Lung,Treatment,766.75,9.583,1.051,1.04e-05,High
655,18,ABAT,,NCBI-derived gene type,S0655,Kidney,Treatment,35.63,5.155,1.29,0.0146369,Low
656,19,ABCA1,,NCBI-derived gene type,S0656,Muscle,Treatment,1107.44,10.113,2.026,0.0740959,High
657,20,ABCA2,,NCBI-derived gene type,S0657,Blood,Treatment,361.94,8.5,1.44,0.0001975,Medium
658,21,ABCA3,,NCBI-derived gene type,S0658,Colon,Treatment,2469.8,11.27,2.634,3.39e-05,High
659,22,ABCB7,,NCBI-derived gene type,S0659,Breast,Treatment,1353.91,10.403,1.671,0.0398521,High
660,23,ABCF1,,NCBI-derived gene type,S0660,Skin,Treatment,353.1,8.464,0.399,9.3e-05,Medium
661,24,ABCA4,,NCBI-derived gene type,S0661,Brain,Control,105.39,6.72,0.674,0.0064504,Medium
662,25,ABL1,,NCBI-derived gene type,S0662,Liver,Control,704.77,9.461,0.684,0.0302373,High
663,26,AOC1,,NCBI-derived gene type,S0663,Heart,Control,405.25,8.663,0.814,0.000105,Medium
664,27,ABL2,,NCBI-derived gene type,S0664,Lung,Control,864.41,9.756,0.69,0.0023351,High
665,28,ABO,,NCBI-derived gene type,S0665,Kidney,Control,292.82,8.194,1.221,0.0274241,Medium
666,29,ABR,,NCBI-derived gene type,S0666,Muscle,Control,322.31,8.332,1.069,0.0144844,Medium
667,30,ACAA1,,NCBI-derived gene type,S0667,Blood,Control,324.06,8.34,0.861,4.71e-05,Medium
668,31,ACACA,,NCBI-derived gene type,S0668,Colon,Control,661.91,9.37,0.805,0.0002584,High
669,32,ACACB,,NCBI-derived gene type,S0669,Breast,Control,65.65,6.037,1.314,0.13635,Low
670,33,ACADL,,NCBI-derived gene type,S0670,Skin,Control,912.02,9.833,1.088,0.0010182,High
671,34,ACADM,,NCBI-derived gene type,S0671,Brain,Treatment,1700.02,10.731,3.413,0.2663521,High
672,35,ACADS,,NCBI-derived gene type,S0672,Liver,Treatment,1901.38,10.893,2.825,0.0003148,High
673,36,ACADSB,,NCBI-derived gene type,S0673,Heart,Treatment,343.79,8.425,0.82,0.000588,Medium
674,37,ACADVL,,NCBI-derived gene type,S0674,Lung,Treatment,1391.58,10.443,1.842,0.0981527,High
675,38,ACAT1,,NCBI-derived gene type,S0675,Kidney,Treatment,784.58,9.616,2.579,0.0612559,High
676,39,ACAT2,,NCBI-derived gene type,S0676,Muscle,Treatment,1941.54,10.923,2.122,0.3536674,High
677,40,ASIC2,,NCBI-derived gene type,S0677,Blood,Treatment,432.15,8.755,0.772,0.0001385,Medium
678,41,ASIC1,,NCBI-derived gene type,S0678,Colon,Treatment,494.9,8.951,2.387,0.2160044,Medium
679,43,ACHE,,NCBI-derived gene type,S0679,Breast,Treatment,543.72,9.087,0.641,0.0254418,High
680,46,ACLS,,NCBI-derived gene type,S0680,Skin,Treatment,232.59,7.862,1.196,0.0146642,Medium
681,47,ACLY,,NCBI-derived gene type,S0681,Brain,Control,604.91,9.241,1.262,7.66e-05,High
682,48,ACO1,,NCBI-derived gene type,S0682,Liver,Control,762.89,9.575,1.157,0.0042325,High
683,49,ACR,,NCBI-derived gene type,S0683,Heart,Control,482.0,8.913,1.259,0.0003672,Medium
684,50,ACO2,,NCBI-derived gene type,S0684,Lung,Control,957.23,9.903,0.661,0.2538931,High
685,51,ACOX1,,NCBI-derived gene type,S0685,Kidney,Control,962.27,9.91,0.732,0.4988712,High
686,52,ACP1,,NCBI-derived gene type,S0686,Muscle,Control,481.53,8.911,0.82,0.0069293,Medium
687,53,ACP2,,NCBI-derived gene type,S0687,Blood,Control,208.49,7.704,1.291,0.0039334,Medium
688,54,ACP5,,NCBI-derived gene type,S0688,Colon,Control,776.64,9.601,0.916,0.0032222,High
689,55,ACPP,,NCBI-derived gene type,S0689,Breast,Control,362.46,8.502,0.833,0.0025718,Medium
690,56,ACRV1,,NCBI-derived gene type,S0690,Skin,Control,499.79,8.965,0.719,0.4094461,Medium
691,58,ACTA1,,NCBI-derived gene type,S0691,Brain,Treatment,1414.14,10.466,2.995,0.198314,High
692,59,ACTA2,,NCBI-derived gene type,S0692,Liver,Treatment,618.31,9.272,1.654,0.0044042,High
693,60,ACTB,,NCBI-derived gene type,S0693,Heart,Treatment,182.31,7.51,0.81,0.0001681,Medium
694,62,ACTBP2,,NCBI-derived gene type,S0694,Lung,Treatment,2033.15,10.99,2.174,0.0009175,High
695,63,ACTBP3,,NCBI-derived gene type,S0695,Kidney,Treatment,217.6,7.766,1.389,0.0006099,Medium
696,64,ACTBP4,,NCBI-derived gene type,S0696,Muscle,Treatment,1603.99,10.647,1.923,0.0119305,High
697,66,ACTBP6,,NCBI-derived gene type,S0697,Blood,Treatment,796.65,9.638,1.161,0.0726912,High
698,67,ACTBP7,,NCBI-derived gene type,S0698,Colon,Treatment,2292.31,11.163,2.371,0.0020221,High
699,68,ACTBP8,,NCBI-derived gene type,S0699,Breast,Treatment,492.04,8.943,2.854,6.25e-05,Medium
700,69,ACTBP9,,NCBI-derived gene type,S0700,Skin,Treatment,1362.73,10.412,1.888,0.2039047,High
701,70,ACTC1,,NCBI-derived gene type,S0701,Brain,Control,544.43,9.089,1.099,1.89e-05,High
702,71,ACTG1,,NCBI-derived gene type,S0702,Liver,Control,38.65,5.273,1.243,0.276939,Low
703,72,ACTG2,,NCBI-derived gene type,S0703,Heart,Control,669.87,9.388,1.185,0.0008674,High
704,73,ACTG1P1,,NCBI-derived gene type,S0704,Lung,Control,843.33,9.72,0.812,0.0210716,High
705,74,ACTG1P2,,NCBI-derived gene type,S0705,Kidney,Control,14.1,3.817,1.004,0.0005676,Low
706,75,ACTG1P3,,NCBI-derived gene type,S0706,Muscle,Control,619.75,9.276,1.117,0.0079003,High
707,78,ACTG1P6,,NCBI-derived gene type,S0707,Blood,Control,485.79,8.924,0.991,1.07e-05,Medium
708,79,ACTG1P7,,NCBI-derived gene type,S0708,Colon,Control,553.89,9.113,0.658,0.003078,High
709,80,ACTG1P8,,NCBI-derived gene type,S0709,Breast,Control,278.37,8.121,1.334,1.2e-05,Medium
710,81,ACTN4,,NCBI-derived gene type,S0710,Skin,Control,814.09,9.669,1.122,0.061516,High
711,86,ACTL6A,,NCBI-derived gene type,S0711,Brain,Treatment,625.42,9.289,0.687,2.84e-05,High
712,87,ACTN1,,NCBI-derived gene type,S0712,Liver,Treatment,146.2,7.192,0.955,0.0029809,Medium
713,88,ACTN2,,NCBI-derived gene type,S0713,Heart,Treatment,972.9,9.926,1.192,0.0007335,High
714,89,ACTN3,,NCBI-derived gene type,S0714,Lung,Treatment,612.8,9.259,1.629,0.0045239,High
715,90,ACVR1,,NCBI-derived gene type,S0715,Kidney,Treatment,1051.14,10.038,1.061,0.0164057,High
716,91,ACVR1B,,NCBI-derived gene type,S0716,Muscle,Treatment,2044.57,10.998,2.409,0.1080513,High
717,92,ACVR2A,,NCBI-derived gene type,S0717,Blood,Treatment,490.35,8.938,0.645,0.0006061,Medium
718,93,ACVR2B,,NCBI-derived gene type,S0718,Colon,Treatment,292.32,8.191,0.527,1.11e-05,Medium
719,94,ACVRL1,,NCBI-derived gene type,S0719,Breast,Treatment,337.81,8.4,1.925,0.0010949,Medium
720,95,ACY1,,NCBI-derived gene type,S0720,Skin,Treatment,1674.94,10.71,2.132,0.1077491,High
721,97,ACYP1,,NCBI-derived gene type,S0721,Brain,Control,99.89,6.642,1.02,1.58e-05,Low
722,98,ACYP2,,NCBI-derived gene type,S0722,Liver,Control,215.36,7.751,1.258,0.1484244,Medium
723,100,ADA,,NCBI-derived gene type,S0723,Heart,Control,478.12,8.901,0.683,2.24e-05,Medium
724,101,ADAM8,,NCBI-derived gene type,S0724,Lung,Control,925.96,9.855,1.28,0.0044514,High
725,102,ADAM10,,NCBI-derived gene type,S0725,Kidney,Control,37.74,5.238,1.3,0.0003007,Low
726,103,ADAR,,NCBI-derived gene type,S0726,Muscle,Control,961.66,9.909,1.061,0.0343239,High
727,104,ADARB1,,NCBI-derived gene type,S0727,Blood,Control,714.15,9.48,0.929,2.3e-05,High
728,105,ADARB2,,NCBI-derived gene type,S0728,Colon,Control,166.64,7.381,0.818,0.0837255,Medium
729,106,ADCP1,,NCBI-derived gene type,S0729,Breast,Control,392.21,8.615,1.278,0.0003624,Medium
730,107,ADCY1,,NCBI-derived gene type,S0730,Skin,Control,756.83,9.564,0.748,0.4424319,High
731,108,ADCY2,,NCBI-derived gene type,S0731,Brain,Treatment,1398.48,10.45,1.927,0.3795943,High
732,109,ADCY3,,NCBI-derived gene type,S0732,Liver,Treatment,100.9,6.657,1.727,0.0874522,Medium
733,111,ADCY5,,NCBI-derived gene type,S0733,Heart,Treatment,953.39,9.897,2.772,0.3074925,High
734,112,ADCY6,,NCBI-derived gene type,S0734,Lung,Treatment,1113.9,10.121,2.787,1.38e-05,High
735,113,ADCY7,,NCBI-derived gene type,S0735,Kidney,Treatment,962.89,9.911,3.477,0.0020223,High
736,114,ADCY8,,NCBI-derived gene type,S0736,Muscle,Treatment,1190.05,10.217,3.315,0.0010707,High
737,115,ADCY9,,NCBI-derived gene type,S0737,Blood,Treatment,1656.31,10.694,2.431,2.53e-05,High
738,116,ADCYAP1,,NCBI-derived gene type,S0738,Colon,Treatment,1777.1,10.795,2.864,0.0224704,High
739,117,ADCYAP1R1,,NCBI-derived gene type,S0739,Breast,Treatment,72.4,6.178,0.836,0.022125,Low
740,118,ADD1,,NCBI-derived gene type,S0740,Skin,Treatment,1703.71,10.734,2.68,0.0003079,High
741,119,ADD2,,NCBI-derived gene type,S0741,Brain,Control,111.02,6.795,0.654,0.0002811,Medium
742,120,ADD3,,NCBI-derived gene type,S0742,Liver,Control,363.12,8.504,0.839,4.2e-05,Medium
743,122,ADFN,,NCBI-derived gene type,S0743,Heart,Control,191.45,7.581,0.964,0.0040483,Medium
744,123,PLIN2,,NCBI-derived gene type,S0744,Lung,Control,411.0,8.683,0.668,0.0004607,Medium
745,124,ADH1A,,NCBI-derived gene type,S0745,Kidney,Control,97.6,6.609,1.069,0.0003348,Low
746,125,ADH1B,,NCBI-derived gene type,S0746,Muscle,Control,388.31,8.601,0.854,0.0006647,Medium
747,126,ADH1C,,NCBI-derived gene type,S0747,Blood,Control,89.28,6.48,1.281,0.17967,Low
748,127,ADH4,,NCBI-derived gene type,S0748,Colon,Control,978.28,9.934,1.05,6.27e-05,High
749,128,ADH5,,NCBI-derived gene type,S0749,Breast,Control,383.83,8.584,0.747,0.0002602,Medium
750,1,A1BG,,NCBI-derived gene type,S0750,Skin,Control,495.66,8.953,0.694,0.001104,Medium
751,2,A2M,,NCBI-derived gene type,S0751,Brain,Treatment,795.13,9.635,1.875,2.3e-05,High
752,3,A2MP1,,NCBI-derived gene type,S0752,Liver,Treatment,287.82,8.169,1.127,0.0086628,Medium
753,9,NAT1,,NCBI-derived gene type,S0753,Heart,Treatment,575.57,9.169,0.966,3.18e-05,High
754,10,NAT2,,NCBI-derived gene type,S0754,Lung,Treatment,1028.8,10.007,3.339,0.0003643,High
755,11,NATP,,NCBI-derived gene type,S0755,Kidney,Treatment,1793.39,10.808,2.883,0.0003539,High
756,12,SERPINA3,,NCBI-derived gene type,S0756,Muscle,Treatment,986.72,9.946,2.919,0.1095695,High
757,13,AADAC,,NCBI-derived gene type,S0757,Blood,Treatment,758.82,9.568,0.779,0.0003215,High
758,14,AAMP,,NCBI-derived gene type,S0758,Colon,Treatment,931.13,9.863,0.983,0.0002997,High
759,15,AANAT,,NCBI-derived gene type,S0759,Breast,Treatment,3281.59,11.68,3.401,0.0002343,High
760,16,AARS,,NCBI-derived gene type,S0760,Skin,Treatment,1321.0,10.367,1.897,0.005089,High
761,17,AAVS1,,NCBI-derived gene type,S0761,Brain,Control,246.21,7.944,0.913,0.0687898,Medium
762,18,ABAT,,NCBI-derived gene type,S0762,Liver,Control,395.97,8.629,0.73,0.0044678,Medium
763,19,ABCA1,,NCBI-derived gene type,S0763,Heart,Control,594.27,9.215,1.032,0.0159974,High
764,20,ABCA2,,NCBI-derived gene type,S0764,Lung,Control,552.35,9.109,1.317,0.0014778,High
765,21,ABCA3,,NCBI-derived gene type,S0765,Kidney,Control,709.83,9.471,0.957,0.000234,High
766,22,ABCB7,,NCBI-derived gene type,S0766,Muscle,Control,694.37,9.44,1.223,0.0549019,High
767,23,ABCF1,,NCBI-derived gene type,S0767,Blood,Control,412.1,8.687,1.0,0.0094772,Medium
768,24,ABCA4,,NCBI-derived gene type,S0768,Colon,Control,245.81,7.941,1.111,0.0229938,Medium
769,25,ABL1,,NCBI-derived gene type,S0769,Breast,Control,790.13,9.626,0.702,0.4532031,High
770,26,AOC1,,NCBI-derived gene type,S0770,Skin,Control,481.84,8.912,0.931,0.0024048,Medium
771,27,ABL2,,NCBI-derived gene type,S0771,Brain,Treatment,2328.57,11.185,2.529,0.0035903,High
772,28,ABO,,NCBI-derived gene type,S0772,Liver,Treatment,1173.81,10.197,1.483,0.1617548,High
773,29,ABR,,NCBI-derived gene type,S0773,Heart,Treatment,1272.71,10.314,2.36,2.51e-05,High
774,30,ACAA1,,NCBI-derived gene type,S0774,Lung,Treatment,1864.78,10.865,2.421,0.0004662,High
775,31,ACACA,,NCBI-derived gene type,S0775,Kidney,Treatment,317.59,8.311,0.49,0.4197189,Medium
776,32,ACACB,,NCBI-derived gene type,S0776,Muscle,Treatment,1092.51,10.093,1.609,0.0344833,High
777,33,ACADL,,NCBI-derived gene type,S0777,Blood,Treatment,1647.74,10.686,1.706,1.12e-05,High
778,34,ACADM,,NCBI-derived gene type,S0778,Colon,Treatment,514.03,9.006,1.959,0.0027438,High
779,35,ACADS,,NCBI-derived gene type,S0779,Breast,Treatment,1259.61,10.299,2.162,0.001245,High
780,36,ACADSB,,NCBI-derived gene type,S0780,Skin,Treatment,1096.95,10.099,2.783,0.0058395,High
781,37,ACADVL,,NCBI-derived gene type,S0781,Brain,Control,502.96,8.974,0.891,1.3e-05,High
782,38,ACAT1,,NCBI-derived gene type,S0782,Liver,Control,109.03,6.769,0.941,0.3312234,Medium
783,39,ACAT2,,NCBI-derived gene type,S0783,Heart,Control,120.49,6.913,1.308,4.63e-05,Medium
784,40,ASIC2,,NCBI-derived gene type,S0784,Lung,Control,315.33,8.301,0.969,9.38e-05,Medium
785,41,ASIC1,,NCBI-derived gene type,S0785,Kidney,Control,485.51,8.923,0.983,0.0011465,Medium
786,43,ACHE,,NCBI-derived gene type,S0786,Muscle,Control,698.28,9.448,0.873,0.0002578,High
787,46,ACLS,,NCBI-derived gene type,S0787,Blood,Control,811.14,9.664,0.731,0.0979819,High
788,47,ACLY,,NCBI-derived gene type,S0788,Colon,Control,649.73,9.344,1.124,5.92e-05,High
789,48,ACO1,,NCBI-derived gene type,S0789,Breast,Control,983.98,9.942,0.821,6.61e-05,High
790,49,ACR,,NCBI-derived gene type,S0790,Skin,Control,164.34,7.36,1.042,0.3197233,Medium
791,50,ACO2,,NCBI-derived gene type,S0791,Brain,Treatment,383.22,8.582,1.626,7.36e-05,Medium
792,51,ACOX1,,NCBI-derived gene type,S0792,Liver,Treatment,1099.08,10.102,1.711,1.37e-05,High
793,52,ACP1,,NCBI-derived gene type,S0793,Heart,Treatment,598.52,9.225,0.972,0.0060723,High
794,53,ACP2,,NCBI-derived gene type,S0794,Lung,Treatment,1007.13,9.976,2.57,9.27e-05,High
795,54,ACP5,,NCBI-derived gene type,S0795,Kidney,Treatment,2183.45,11.092,2.897,1.97e-05,High
796,55,ACPP,,NCBI-derived gene type,S0796,Muscle,Treatment,329.01,8.362,3.097,7.56e-05,Medium
797,56,ACRV1,,NCBI-derived gene type,S0797,Blood,Treatment,589.97,9.204,1.791,0.000171,High
798,58,ACTA1,,NCBI-derived gene type,S0798,Colon,Treatment,1737.27,10.763,2.012,0.0100881,High
799,59,ACTA2,,NCBI-derived gene type,S0799,Breast,Treatment,1363.07,10.413,2.276,0.0057401,High
800,60,ACTB,,NCBI-derived gene type,S0800,Skin,Treatment,1058.25,10.047,3.013,0.0079727,High
801,62,ACTBP2,,NCBI-derived gene type,S0801,Brain,Control,814.67,9.67,1.144,0.00025,High
802,63,ACTBP3,,NCBI-derived gene type,S0802,Liver,Control,616.41,9.268,0.709,4.26e-05,High
803,64,ACTBP4,,NCBI-derived gene type,S0803,Heart,Control,122.27,6.934,0.864,7.25e-05,Medium
804,66,ACTBP6,,NCBI-derived gene type,S0804,Lung,Control,694.97,9.441,1.008,0.0009241,High
805,67,ACTBP7,,NCBI-derived gene type,S0805,Kidney,Control,142.18,7.152,0.919,7.47e-05,Medium
806,68,ACTBP8,,NCBI-derived gene type,S0806,Muscle,Control,637.32,9.316,1.135,0.0107826,High
807,69,ACTBP9,,NCBI-derived gene type,S0807,Blood,Control,999.9,9.966,1.038,0.0020013,High
808,70,ACTC1,,NCBI-derived gene type,S0808,Colon,Control,144.6,7.176,0.87,0.0013174,Medium
809,71,ACTG1,,NCBI-derived gene type,S0809,Breast,Control,58.34,5.866,0.901,1.11e-05,Low
810,72,ACTG2,,NCBI-derived gene type,S0810,Skin,Control,140.85,7.138,1.221,0.3388416,Medium
811,73,ACTG1P1,,NCBI-derived gene type,S0811,Brain,Treatment,969.68,9.921,1.909,0.0165224,High
812,74,ACTG1P2,,NCBI-derived gene type,S0812,Liver,Treatment,1253.84,10.292,2.996,0.001981,High
813,75,ACTG1P3,,NCBI-derived gene type,S0813,Heart,Treatment,39.02,5.286,0.447,0.0377543,Low
814,78,ACTG1P6,,NCBI-derived gene type,S0814,Lung,Treatment,359.42,8.49,1.216,0.0033633,Medium
815,79,ACTG1P7,,NCBI-derived gene type,S0815,Kidney,Treatment,308.64,8.27,1.791,0.0308913,Medium
816,80,ACTG1P8,,NCBI-derived gene type,S0816,Muscle,Treatment,1596.8,10.641,2.082,3.4e-05,High
817,81,ACTN4,,NCBI-derived gene type,S0817,Blood,Treatment,331.18,8.371,2.792,0.0740337,Medium
818,86,ACTL6A,,NCBI-derived gene type,S0818,Colon,Treatment,1088.33,10.088,2.941,1.57e-05,High
819,87,ACTN1,,NCBI-derived gene type,S0819,Breast,Treatment,1491.93,10.543,2.071,0.4486895,High
820,88,ACTN2,,NCBI-derived gene type,S0820,Skin,Treatment,316.94,8.308,2.965,0.0339879,Medium
821,89,ACTN3,,NCBI-derived gene type,S0821,Brain,Control,301.22,8.235,1.35,0.0012994,Medium
822,90,ACVR1,,NCBI-derived gene type,S0822,Liver,Control,351.83,8.459,1.222,0.0011578,Medium
823,91,ACVR1B,,NCBI-derived gene type,S0823,Heart,Control,993.99,9.957,1.193,0.0001299,High
824,92,ACVR2A,,NCBI-derived gene type,S0824,Lung,Control,811.65,9.665,1.062,0.0004446,High
825,93,ACVR2B,,NCBI-derived gene type,S0825,Kidney,Control,712.2,9.476,1.093,6.03e-05,High
826,94,ACVRL1,,NCBI-derived gene type,S0826,Muscle,Control,143.54,7.165,0.795,9.39e-05,Medium
827,95,ACY1,,NCBI-derived gene type,S0827,Blood,Control,64.06,6.001,0.896,0.0002095,Low
828,97,ACYP1,,NCBI-derived gene type,S0828,Colon,Control,541.07,9.08,0.877,0.0203729,High
829,98,ACYP2,,NCBI-derived gene type,S0829,Breast,Control,292.89,8.194,0.837,0.107815,Medium
830,100,ADA,,NCBI-derived gene type,S0830,Skin,Control,985.56,9.945,1.126,2.8e-05,High
831,101,ADAM8,,NCBI-derived gene type,S0831,Brain,Treatment,2720.29,11.41,2.825,0.2080717,High
832,102,ADAM10,,NCBI-derived gene type,S0832,Liver,Treatment,3058.16,11.578,3.081,3.95e-05,High
833,103,ADAR,,NCBI-derived gene type,S0833,Heart,Treatment,985.05,9.944,1.136,0.0220575,High
834,104,ADARB1,,NCBI-derived gene type,S0834,Lung,Treatment,2279.56,11.155,2.749,0.0150766,High
835,105,ADARB2,,NCBI-derived gene type,S0835,Kidney,Treatment,1067.12,10.06,2.169,0.0001832,High
836,106,ADCP1,,NCBI-derived gene type,S0836,Muscle,Treatment,739.94,9.531,1.774,0.0095072,High
837,107,ADCY1,,NCBI-derived gene type,S0837,Blood,Treatment,566.52,9.146,0.643,0.0026508,High
838,108,ADCY2,,NCBI-derived gene type,S0838,Colon,Treatment,929.9,9.861,3.299,0.0005428,High
839,109,ADCY3,,NCBI-derived gene type,S0839,Breast,Treatment,1312.61,10.358,1.381,1.03e-05,High
840,111,ADCY5,,NCBI-derived gene type,S0840,Skin,Treatment,2060.72,11.009,2.658,0.0272509,High
841,112,ADCY6,,NCBI-derived gene type,S0841,Brain,Control,461.16,8.849,1.115,0.0004827,Medium
842,113,ADCY7,,NCBI-derived gene type,S0842,Liver,Control,68.01,6.088,1.024,0.0001056,Low
843,114,ADCY8,,NCBI-derived gene type,S0843,Heart,Control,432.49,8.757,0.798,0.0001829,Medium
844,115,ADCY9,,NCBI-derived gene type,S0844,Lung,Control,829.2,9.696,0.886,0.0052034,High
845,116,ADCYAP1,,NCBI-derived gene type,S0845,Kidney,Control,568.31,9.151,0.99,0.0004126,High
846,117,ADCYAP1R1,,NCBI-derived gene type,S0846,Muscle,Control,684.14,9.418,0.684,2.94e-05,High
847,118,ADD1,,NCBI-derived gene type,S0847,Blood,Control,784.97,9.616,0.972,3.84e-05,High
848,119,ADD2,,NCBI-derived gene type,S0848,Colon,Control,858.36,9.745,0.959,1.01e-05,High
849,120,ADD3,,NCBI-derived gene type,S0849,Breast,Control,958.24,9.904,0.792,0.0172338,High
850,122,ADFN,,NCBI-derived gene type,S0850,Skin,Control,136.25,7.09,1.105,5.59e-05,Medium
851,123,PLIN2,,NCBI-derived gene type,S0851,Brain,Treatment,1131.95,10.145,1.213,0.0119279,High
852,124,ADH1A,,NCBI-derived gene type,S0852,Liver,Treatment,386.62,8.595,1.521,0.1769544,Medium
853,125,ADH1B,,NCBI-derived gene type,S0853,Heart,Treatment,271.26,8.084,1.598,0.0002728,Medium
854,126,ADH1C,,NCBI-derived gene type,S0854,Lung,Treatment,762.31,9.574,1.088,0.0120443,High
855,127,ADH4,,NCBI-derived gene type,S0855,Kidney,Treatment,249.23,7.961,0.353,0.0017418,Medium
856,128,ADH5,,NCBI-derived gene type,S0856,Muscle,Treatment,145.6,7.186,1.063,0.0157007,Medium
857,1,A1BG,,NCBI-derived gene type,S0857,Blood,Treatment,36.19,5.177,2.541,0.0692488,Low
858,2,A2M,,NCBI-derived gene type,S0858,Colon,Treatment,1660.49,10.697,1.68,4.18e-05,High
859,3,A2MP1,,NCBI-derived gene type,S0859,Breast,Treatment,117.49,6.876,1.557,0.0272012,Medium
860,9,NAT1,,NCBI-derived gene type,S0860,Skin,Treatment,142.95,7.159,1.337,0.1382446,Medium
861,10,NAT2,,NCBI-derived gene type,S0861,Brain,Control,141.44,7.144,1.191,0.034661,Medium
862,11,NATP,,NCBI-derived gene type,S0862,Liver,Control,137.48,7.103,1.345,4.69e-05,Medium
863,12,SERPINA3,,NCBI-derived gene type,S0863,Heart,Control,532.86,9.058,0.656,0.0113526,High
864,13,AADAC,,NCBI-derived gene type,S0864,Lung,Control,442.9,8.791,1.156,0.0089532,Medium
865,14,AAMP,,NCBI-derived gene type,S0865,Kidney,Control,155.62,7.282,0.938,0.0168601,Medium
866,15,AANAT,,NCBI-derived gene type,S0866,Muscle,Control,860.66,9.749,0.711,2.97e-05,High
867,16,AARS,,NCBI-derived gene type,S0867,Blood,Control,753.68,9.558,1.063,0.0006382,High
868,17,AAVS1,,NCBI-derived gene type,S0868,Colon,Control,963.43,9.912,0.87,4.54e-05,High
869,18,ABAT,,NCBI-derived gene type,S0869,Breast,Control,280.58,8.132,0.709,0.0039899,Medium
870,19,ABCA1,,NCBI-derived gene type,S0870,Skin,Control,602.01,9.234,1.075,0.0458308,High
871,20,ABCA2,,NCBI-derived gene type,S0871,Brain,Treatment,2090.51,11.03,3.021,0.012431,High
872,21,ABCA3,,NCBI-derived gene type,S0872,Liver,Treatment,604.46,9.239,1.981,0.0024817,High
873,22,ABCB7,,NCBI-derived gene type,S0873,Heart,Treatment,959.57,9.906,1.281,1.8e-05,High
874,23,ABCF1,,NCBI-derived gene type,S0874,Lung,Treatment,3016.2,11.559,3.357,0.0021182,High
875,24,ABCA4,,NCBI-derived gene type,S0875,Kidney,Treatment,225.42,7.816,1.924,0.0061869,Medium
876,25,ABL1,,NCBI-derived gene type,S0876,Muscle,Treatment,1819.98,10.83,3.43,0.4348584,High
877,26,AOC1,,NCBI-derived gene type,S0877,Blood,Treatment,715.4,9.483,0.766,0.1111286,High
878,27,ABL2,,NCBI-derived gene type,S0878,Colon,Treatment,856.41,9.742,1.501,0.0162117,High
879,28,ABO,,NCBI-derived gene type,S0879,Breast,Treatment,2564.09,11.324,3.357,0.0417566,High
880,29,ABR,,NCBI-derived gene type,S0880,Skin,Treatment,12.16,3.604,0.563,0.0001707,Low
881,30,ACAA1,,NCBI-derived gene type,S0881,Brain,Control,44.63,5.48,0.692,0.0512464,Low
882,31,ACACA,,NCBI-derived gene type,S0882,Liver,Control,509.08,8.992,1.09,0.0022643,High
883,32,ACACB,,NCBI-derived gene type,S0883,Heart,Control,418.35,8.709,1.141,2.44e-05,Medium
884,33,ACADL,,NCBI-derived gene type,S0884,Lung,Control,538.88,9.074,1.081,0.0002014,High
885,34,ACADM,,NCBI-derived gene type,S0885,Kidney,Control,313.36,8.292,1.008,9.02e-05,Medium
886,35,ACADS,,NCBI-derived gene type,S0886,Muscle,Control,809.02,9.66,1.025,0.0006862,High
887,36,ACADSB,,NCBI-derived gene type,S0887,Blood,Control,636.12,9.313,1.234,0.0158841,High
888,37,ACADVL,,NCBI-derived gene type,S0888,Colon,Control,70.78,6.145,1.139,0.0269652,Low
889,38,ACAT1,,NCBI-derived gene type,S0889,Breast,Control,847.24,9.727,0.691,2.54e-05,High
890,39,ACAT2,,NCBI-derived gene type,S0890,Skin,Control,437.31,8.773,0.967,0.0072696,Medium
891,40,ASIC2,,NCBI-derived gene type,S0891,Brain,Treatment,840.13,9.714,2.686,0.0302756,High
892,41,ASIC1,,NCBI-derived gene type,S0892,Liver,Treatment,319.51,8.32,2.58,0.0198175,Medium
893,43,ACHE,,NCBI-derived gene type,S0893,Heart,Treatment,563.18,9.137,3.352,0.0028716,High
894,46,ACLS,,NCBI-derived gene type,S0894,Lung,Treatment,2054.59,11.005,2.62,6.09e-05,High
895,47,ACLY,,NCBI-derived gene type,S0895,Kidney,Treatment,369.01,8.528,2.811,0.0001833,Medium
896,48,ACO1,,NCBI-derived gene type,S0896,Muscle,Treatment,2465.82,11.268,2.78,1.37e-05,High
897,49,ACR,,NCBI-derived gene type,S0897,Blood,Treatment,975.13,9.929,1.207,2e-05,High
898,50,ACO2,,NCBI-derived gene type,S0898,Colon,Treatment,1546.33,10.595,2.166,2.3e-05,High
899,51,ACOX1,,NCBI-derived gene type,S0899,Breast,Treatment,679.73,9.409,1.484,0.0022293,High
900,52,ACP1,,NCBI-derived gene type,S0900,Skin,Treatment,858.25,9.745,1.508,0.0001581,High
901,53,ACP2,,NCBI-derived gene type,S0901,Brain,Control,107.39,6.747,1.052,0.0249493,Medium
902,54,ACP5,,NCBI-derived gene type,S0902,Liver,Control,232.26,7.86,1.006,1.61e-05,Medium
903,55,ACPP,,NCBI-derived gene type,S0903,Heart,Control,863.61,9.754,0.821,0.0016493,High
904,56,ACRV1,,NCBI-derived gene type,S0904,Lung,Control,386.06,8.593,0.755,0.2379317,Medium
905,58,ACTA1,,NCBI-derived gene type,S0905,Kidney,Control,858.2,9.745,1.037,0.1974941,High
906,59,ACTA2,,NCBI-derived gene type,S0906,Muscle,Control,741.96,9.535,0.944,0.0003254,High
907,60,ACTB,,NCBI-derived gene type,S0907,Blood,Control,419.18,8.711,1.154,0.0001883,Medium
908,62,ACTBP2,,NCBI-derived gene type,S0908,Colon,Control,82.5,6.366,0.911,0.0022887,Low
909,63,ACTBP3,,NCBI-derived gene type,S0909,Breast,Control,902.43,9.818,0.776,0.0603099,High
910,64,ACTBP4,,NCBI-derived gene type,S0910,Skin,Control,981.51,9.939,1.318,2.11e-05,High
911,66,ACTBP6,,NCBI-derived gene type,S0911,Brain,Treatment,579.69,9.179,1.239,0.0934929,High
912,67,ACTBP7,,NCBI-derived gene type,S0912,Liver,Treatment,691.83,9.434,2.092,1.09e-05,High
913,68,ACTBP8,,NCBI-derived gene type,S0913,Heart,Treatment,435.12,8.765,2.126,0.0002681,Medium
914,69,ACTBP9,,NCBI-derived gene type,S0914,Lung,Treatment,1131.39,10.144,1.811,0.0060388,High
915,70,ACTC1,,NCBI-derived gene type,S0915,Kidney,Treatment,1380.44,10.431,2.784,8.29e-05,High
916,71,ACTG1,,NCBI-derived gene type,S0916,Muscle,Treatment,2473.55,11.272,2.746,0.0001419,High
917,72,ACTG2,,NCBI-derived gene type,S0917,Blood,Treatment,18.63,4.219,1.642,0.0001245,Low
918,73,ACTG1P1,,NCBI-derived gene type,S0918,Colon,Treatment,1047.21,10.032,2.995,0.1326886,High
919,74,ACTG1P2,,NCBI-derived gene type,S0919,Breast,Treatment,337.31,8.398,0.355,0.0122837,Medium
920,75,ACTG1P3,,NCBI-derived gene type,S0920,Skin,Treatment,2243.99,11.132,2.641,3.08e-05,High
921,78,ACTG1P6,,NCBI-derived gene type,S0921,Brain,Control,532.17,9.056,0.817,0.0020537,High
922,79,ACTG1P7,,NCBI-derived gene type,S0922,Liver,Control,64.6,6.013,1.348,0.0221191,Low
923,80,ACTG1P8,,NCBI-derived gene type,S0923,Heart,Control,97.56,6.608,1.295,0.1649116,Low
924,81,ACTN4,,NCBI-derived gene type,S0924,Lung,Control,522.16,9.028,1.141,0.0005633,High
925,86,ACTL6A,,NCBI-derived gene type,S0925,Kidney,Control,974.68,9.929,0.709,2.81e-05,High
926,87,ACTN1,,NCBI-derived gene type,S0926,Muscle,Control,137.85,7.107,1.224,2.25e-05,Medium
927,88,ACTN2,,NCBI-derived gene type,S0927,Blood,Control,569.98,9.155,0.954,0.3402717,High
928,89,ACTN3,,NCBI-derived gene type,S0928,Colon,Control,240.59,7.91,0.833,0.0003024,Medium
929,90,ACVR1,,NCBI-derived gene type,S0929,Breast,Control,801.81,9.647,1.141,0.0285863,High
930,91,ACVR1B,,NCBI-derived gene type,S0930,Skin,Control,321.47,8.329,0.84,2.24e-05,Medium
931,92,ACVR2A,,NCBI-derived gene type,S0931,Brain,Treatment,580.16,9.18,2.807,0.0055992,High
932,93,ACVR2B,,NCBI-derived gene type,S0932,Liver,Treatment,138.53,7.114,0.868,0.0015505,Medium
933,94,ACVRL1,,NCBI-derived gene type,S0933,Heart,Treatment,834.59,9.705,2.038,0.3418088,High
934,95,ACY1,,NCBI-derived gene type,S0934,Lung,Treatment,279.56,8.127,1.321,0.000176,Medium
935,97,ACYP1,,NCBI-derived gene type,S0935,Kidney,Treatment,105.23,6.717,0.846,0.0167671,Medium
936,98,ACYP2,,NCBI-derived gene type,S0936,Muscle,Treatment,2105.5,11.04,2.545,1.55e-05,High
937,100,ADA,,NCBI-derived gene type,S0937,Blood,Treatment,1156.84,10.176,1.383,2.68e-05,High
938,101,ADAM8,,NCBI-derived gene type,S0938,Colon,Treatment,370.56,8.534,1.471,0.0025898,Medium
939,102,ADAM10,,NCBI-derived gene type,S0939,Breast,Treatment,793.87,9.633,1.17,0.4530855,High
940,103,ADAR,,NCBI-derived gene type,S0940,Skin,Treatment,58.34,5.866,1.624,0.0013346,Low
941,104,ADARB1,,NCBI-derived gene type,S0941,Brain,Control,749.34,9.549,0.825,0.0014846,High
942,105,ADARB2,,NCBI-derived gene type,S0942,Liver,Control,804.88,9.653,0.748,1.14e-05,High
943,106,ADCP1,,NCBI-derived gene type,S0943,Heart,Control,831.22,9.699,1.338,4.11e-05,High
944,107,ADCY1,,NCBI-derived gene type,S0944,Lung,Control,824.56,9.687,0.911,0.0091706,High
945,108,ADCY2,,NCBI-derived gene type,S0945,Kidney,Control,646.46,9.336,1.058,0.0001646,High
946,109,ADCY3,,NCBI-derived gene type,S0946,Muscle,Control,813.68,9.668,0.665,2.01e-05,High
947,111,ADCY5,,NCBI-derived gene type,S0947,Blood,Control,902.98,9.819,0.96,4.03e-05,High
948,112,ADCY6,,NCBI-derived gene type,S0948,Colon,Control,905.55,9.823,1.231,0.0003616,High
949,113,ADCY7,,NCBI-derived gene type,S0949,Breast,Control,47.48,5.569,0.973,6.16e-05,Low
950,114,ADCY8,,NCBI-derived gene type,S0950,Skin,Control,576.01,9.17,1.225,0.0007186,High
951,115,ADCY9,,NCBI-derived gene type,S0951,Brain,Treatment,85.91,6.425,2.502,6.49e-05,Low
952,116,ADCYAP1,,NCBI-derived gene type,S0952,Liver,Treatment,205.42,7.682,0.94,0.0002067,Medium
953,117,ADCYAP1R1,,NCBI-derived gene type,S0953,Heart,Treatment,405.89,8.665,0.459,0.0081307,Medium
954,118,ADD1,,NCBI-derived gene type,S0954,Lung,Treatment,319.33,8.319,1.28,0.0008637,Medium
955,119,ADD2,,NCBI-derived gene type,S0955,Kidney,Treatment,299.74,8.228,0.542,0.0002065,Medium
956,120,ADD3,,NCBI-derived gene type,S0956,Muscle,Treatment,138.48,7.114,0.978,0.1438357,Medium
957,122,ADFN,,NCBI-derived gene type,S0957,Blood,Treatment,1234.3,10.269,2.337,0.0589101,High
958,123,PLIN2,,NCBI-derived gene type,S0958,Colon,Treatment,2758.99,11.43,3.467,0.0473156,High
959,124,ADH1A,,NCBI-derived gene type,S0959,Breast,Treatment,748.27,9.547,2.065,0.0018967,High
960,125,ADH1B,,NCBI-derived gene type,S0960,Skin,Treatment,1764.63,10.785,1.933,0.0006689,High
961,126,ADH1C,,NCBI-derived gene type,S0961,Brain,Control,183.92,7.523,0.873,0.000107,Medium
962,127,ADH4,,NCBI-derived gene type,S0962,Liver,Control,896.29,9.808,1.195,1.89e-05,High
963,128,ADH5,,NCBI-derived gene type,S0963,Heart,Control,991.57,9.954,1.021,0.0401937,High
964,1,A1BG,,NCBI-derived gene type,S0964,Lung,Control,999.61,9.965,1.332,2.96e-05,High
965,2,A2M,,NCBI-derived gene type,S0965,Kidney,Control,658.58,9.363,0.837,0.0686342,High
966,3,A2MP1,,NCBI-derived gene type,S0966,Muscle,Control,917.67,9.842,0.689,0.4819951,High
967,9,NAT1,,NCBI-derived gene type,S0967,Blood,Control,223.31,7.803,1.243,0.0559418,Medium
968,10,NAT2,,NCBI-derived gene type,S0968,Colon,Control,358.03,8.484,1.237,0.0938725,Medium
969,11,NATP,,NCBI-derived gene type,S0969,Breast,Control,180.22,7.494,1.065,0.0615443,Medium
970,12,SERPINA3,,NCBI-derived gene type,S0970,Skin,Control,699.14,9.449,1.29,1.36e-05,High
971,13,AADAC,,NCBI-derived gene type,S0971,Brain,Treatment,2341.23,11.193,3.335,0.0044561,High
972,14,AAMP,,NCBI-derived gene type,S0972,Liver,Treatment,533.04,9.058,0.943,0.4401789,High
973,15,AANAT,,NCBI-derived gene type,S0973,Heart,Treatment,1676.67,10.711,1.901,0.0002835,High
974,16,AARS,,NCBI-derived gene type,S0974,Lung,Treatment,312.71,8.289,0.634,0.000124,Medium
975,17,AAVS1,,NCBI-derived gene type,S0975,Kidney,Treatment,447.28,8.805,2.008,1.01e-05,Medium
976,18,ABAT,,NCBI-derived gene type,S0976,Muscle,Treatment,904.18,9.82,0.985,4.1e-05,High
977,19,ABCA1,,NCBI-derived gene type,S0977,Blood,Treatment,2330.45,11.186,3.244,0.0929256,High
978,20,ABCA2,,NCBI-derived gene type,S0978,Colon,Treatment,137.01,7.098,0.419,0.0057156,Medium
979,21,ABCA3,,NCBI-derived gene type,S0979,Breast,Treatment,2559.53,11.322,2.789,0.0951613,High
980,22,ABCB7,,NCBI-derived gene type,S0980,Skin,Treatment,2907.77,11.506,3.376,0.00057,High
981,23,ABCF1,,NCBI-derived gene type,S0981,Brain,Control,942.21,9.88,0.927,2.98e-05,High
982,24,ABCA4,,NCBI-derived gene type,S0982,Liver,Control,305.26,8.254,0.746,5.5e-05,Medium
983,25,ABL1,,NCBI-derived gene type,S0983,Heart,Control,948.95,9.89,1.204,0.327425,High
984,26,AOC1,,NCBI-derived gene type,S0984,Lung,Control,650.93,9.346,0.772,0.3573482,High
985,27,ABL2,,NCBI-derived gene type,S0985,Kidney,Control,695.09,9.441,1.3,0.0499875,High
986,28,ABO,,NCBI-derived gene type,S0986,Muscle,Control,227.12,7.827,1.062,6.67e-05,Medium
987,29,ABR,,NCBI-derived gene type,S0987,Blood,Control,310.29,8.277,1.132,3.97e-05,Medium
988,30,ACAA1,,NCBI-derived gene type,S0988,Colon,Control,730.19,9.512,1.314,0.2876612,High
989,31,ACACA,,NCBI-derived gene type,S0989,Breast,Control,394.64,8.624,1.346,0.3438464,Medium
990,32,ACACB,,NCBI-derived gene type,S0990,Skin,Control,37.22,5.218,1.072,0.2132454,Low
991,33,ACADL,,NCBI-derived gene type,S0991,Brain,Treatment,1012.03,9.983,1.046,0.0045508,High
992,34,ACADM,,NCBI-derived gene type,S0992,Liver,Treatment,743.07,9.537,0.793,0.0318503,High
993,35,ACADS,,NCBI-derived gene type,S0993,Heart,Treatment,832.9,9.702,3.444,6.15e-05,High
994,36,ACADSB,,NCBI-derived gene type,S0994,Lung,Treatment,557.66,9.123,0.629,0.0214852,High
995,37,ACADVL,,NCBI-derived gene type,S0995,Kidney,Treatment,2014.34,10.976,3.143,0.0012565,High
996,38,ACAT1,,NCBI-derived gene type,S0996,Muscle,Treatment,305.47,8.255,1.136,2.08e-05,Medium
997,39,ACAT2,,NCBI-derived gene type,S0997,Blood,Treatment,179.74,7.49,0.69,1.01e-05,Medium
998,40,ASIC2,,NCBI-derived gene type,S0998,Colon,Treatment,1033.84,10.014,2.658,0.358739,High
999,41,ASIC1,,NCBI-derived gene type,S0999,Breast,Treatment,1684.59,10.718,1.903,0.0006025,High
1000,43,ACHE,,NCBI-derived gene type,S1000,Skin,Treatment,367.08,8.52,0.669,0.0017931,Medium
